,WD22NM,total_room,Entire home/apt,Hotel room,Private room,Shared room,avg_price,avg_minimum_nights,avg_reviews_per_month,avg_availability_365,avg_star_rate
0,Abbey,170,110.0,0.0,60.0,0.0,146.95882352941177,3.6705882352941175,0.843015873015873,131.15882352941176,4.670459770114943
1,Abbey Road,195,152.0,0.0,43.0,0.0,183.89743589743588,5.287179487179487,1.3629323308270678,128.51282051282053,4.677920792079208
2,Abbey Wood,85,37.0,0.0,48.0,0.0,87.37647058823529,4.176470588235294,0.8227868852459016,228.43529411764706,4.650212765957447
3,Abingdon,278,227.0,0.0,51.0,0.0,220.1474820143885,4.5215827338129495,0.8743523316062176,150.74100719424462,4.572039473684211
4,Addiscombe East,33,13.0,0.0,20.0,0.0,80.39393939393939,3.3636363636363638,1.2348000000000001,113.84848484848484,4.737777777777778
5,Addiscombe West,99,67.0,2.0,30.0,0.0,106.57575757575758,3.515151515151515,1.441168831168831,158.15151515151516,4.78476923076923
6,Addison,191,145.0,0.0,46.0,0.0,152.5392670157068,4.958115183246074,1.0248591549295776,104.17801047120419,4.662000000000001
7,Aldborough,36,5.0,0.0,31.0,0.0,66.27777777777777,2.388888888888889,0.9328571428571429,192.94444444444446,4.668695652173913
8,Alexandra,15,9.0,0.0,6.0,0.0,106.46666666666667,4.066666666666666,0.99,155.8,4.6899999999999995
9,Alexandra Park,69,41.0,0.0,28.0,0.0,128.33333333333334,3.0,0.74,147.84057971014494,4.7504347826086954
10,Alibon,26,15.0,0.0,10.0,1.0,102.15384615384616,2.3846153846153846,0.4436842105263158,156.26923076923077,4.490769230769231
11,Alperton,37,18.0,0.0,19.0,0.0,92.05405405405405,4.621621621621622,0.7184615384615385,125.54054054054055,4.673333333333333
12,Arnos Grove,22,14.0,0.0,8.0,0.0,111.5909090909091,4.136363636363637,0.8083333333333333,147.9090909090909,4.826153846153846
13,Arsenal,203,132.0,1.0,69.0,1.0,129.08374384236453,4.344827586206897,0.9636129032258065,96.51231527093596,4.700973451327434
14,Avonmore,164,123.0,0.0,40.0,1.0,174.71951219512195,4.121951219512195,0.9923853211009175,118.64024390243902,4.629753086419753
15,Balham,177,121.0,0.0,56.0,0.0,155.24858757062148,5.3559322033898304,0.869172932330827,83.89265536723164,4.789907407407407
16,Barking Riverside,32,18.0,0.0,14.0,0.0,102.25,2.15625,0.8455,217.5,4.741333333333333
17,Barkingside,36,15.0,0.0,21.0,0.0,87.41666666666667,1.6944444444444444,0.5557142857142857,140.44444444444446,4.61
18,Barnehurst,11,4.0,0.0,7.0,0.0,88.81818181818181,2.1818181818181817,0.5771428571428572,259.45454545454544,4.475
19,Barnes,66,45.0,0.0,20.0,1.0,242.57575757575756,4.212121212121212,0.6463414634146342,144.54545454545453,4.7978125
20,Barnet Vale,60,21.0,0.0,39.0,0.0,123.66666666666667,2.466666666666667,0.8472500000000001,190.13333333333333,4.707586206896552
21,Barnhill,77,41.0,0.0,36.0,0.0,128.8961038961039,4.532467532467533,1.496065573770492,136.0,4.6378260869565215
22,Barnsbury,300,221.0,0.0,79.0,0.0,163.86666666666667,4.71,1.1020627802690584,87.55,4.694230769230769
23,Battersea Park,386,217.0,0.0,167.0,2.0,141.22797927461139,4.0310880829015545,1.3280555555555555,91.54145077720207,4.710438247011952
24,Bayswater,554,441.0,8.0,103.0,2.0,193.0505415162455,5.4296028880866425,1.1012162162162162,102.27436823104694,4.657033898305085
25,Beam,20,11.0,0.0,9.0,0.0,110.45,1.9,0.49933333333333335,198.25,4.497777777777777
26,Beam Park,16,7.0,0.0,9.0,0.0,77.0625,2.9375,1.486,203.875,4.6866666666666665
27,Beckenham Town & Copers Cope,49,25.0,0.0,24.0,0.0,102.55102040816327,3.0,1.3239473684210528,161.48979591836735,4.742333333333334
28,Beckton,96,48.0,0.0,46.0,2.0,112.0625,2.6875,1.0549253731343284,155.83333333333334,4.5531250000000005
29,Becontree,20,14.0,0.0,6.0,0.0,122.8,2.8,0.9516666666666667,185.15,4.79375
30,Beddington,18,4.0,0.0,14.0,0.0,51.611111111111114,2.8333333333333335,1.1492307692307693,140.77777777777777,4.596
31,Bedfont,68,31.0,0.0,36.0,1.0,109.58823529411765,1.9411764705882353,1.5769767441860465,186.19117647058823,4.470625
32,Bellingham,41,17.0,0.0,24.0,0.0,70.26829268292683,4.414634146341464,0.8875757575757576,168.46341463414635,4.796086956521739
33,Belmont,30,14.0,0.0,15.0,1.0,109.23333333333333,2.2333333333333334,0.7766666666666667,211.73333333333332,4.551666666666667
34,Belmore,13,2.0,0.0,11.0,0.0,92.84615384615384,1.7692307692307692,0.5128571428571428,179.0,4.5825
35,Belsize,239,193.0,0.0,46.0,0.0,182.5732217573222,6.489539748953975,0.7429608938547486,116.02092050209205,4.752442748091603
36,Belvedere,62,30.0,0.0,32.0,0.0,90.33870967741936,3.725806451612903,1.0327906976744186,197.80645161290323,4.68258064516129
37,Bensham Manor,64,12.0,0.0,51.0,1.0,74.9375,2.1875,1.068292682926829,204.28125,4.684666666666667
38,Berrylands,14,7.0,0.0,7.0,0.0,97.14285714285714,4.214285714285714,0.8266666666666667,157.64285714285714,4.933636363636364
39,Bethnal Green,388,180.0,0.0,206.0,2.0,109.10309278350516,4.979381443298969,0.8723972602739727,91.18556701030928,4.675285714285714
40,Bexleyheath,31,12.0,0.0,19.0,0.0,88.09677419354838,1.967741935483871,2.748125,269.5806451612903,4.805714285714286
41,Bickley & Sundridge,31,21.0,0.0,10.0,0.0,132.96774193548387,3.5161290322580645,0.4466666666666667,134.4516129032258,4.828125
42,Biggin Hill,9,3.0,0.0,6.0,0.0,111.77777777777777,5.666666666666667,0.5971428571428571,218.0,4.84
43,Blackfen & Lamorbey,20,13.0,0.0,7.0,0.0,93.2,10.95,1.2305882352941178,116.95,4.8307142857142855
44,Blackheath,149,91.0,0.0,57.0,1.0,123.59731543624162,3.6241610738255035,0.6927966101694916,116.30872483221476,4.7250000000000005
45,Blackheath Westcombe,129,81.0,0.0,48.0,0.0,124.84496124031008,4.364341085271318,1.0233636363636363,114.12403100775194,4.818723404255319
46,Blackwall & Cubitt Town,374,227.0,0.0,143.0,4.0,141.47326203208556,5.409090909090909,1.2953237410071943,124.7379679144385,4.666619047619047
47,Blendon & Penhill,16,7.0,0.0,9.0,0.0,78.3125,3.625,0.8041666666666667,240.5,4.852222222222222
48,Bloomsbury,688,504.0,0.0,172.0,12.0,214.96075581395348,4.267441860465116,1.425419708029197,136.1206395348837,4.599048625792812
49,Boleyn,36,14.0,0.0,20.0,2.0,99.36111111111111,2.6666666666666665,1.11625,113.63888888888889,4.7195238095238095
50,Borough & Bankside,320,228.0,0.0,92.0,0.0,193.990625,5.746875,1.1177911646586345,112.65625,4.6710047846889955
51,Bounds Green,73,33.0,0.0,40.0,0.0,113.42465753424658,4.315068493150685,0.9212962962962963,118.23287671232876,4.81
52,Bow East,432,256.0,0.0,175.0,1.0,112.25462962962963,3.9421296296296298,0.8539714285714285,74.125,4.780306513409962
53,Bow West,282,156.0,1.0,118.0,7.0,105.97163120567376,3.868794326241135,0.8742660550458716,84.15248226950355,4.7173652694610775
54,Bowes,49,17.0,0.0,32.0,0.0,103.46938775510205,2.6122448979591835,0.8196428571428571,198.6122448979592,4.8376190476190475
55,Brentford East,67,58.0,0.0,9.0,0.0,157.47761194029852,7.014925373134329,0.8173076923076923,199.9402985074627,4.632790697674419
56,Brentford West,80,54.0,0.0,26.0,0.0,128.8,3.75,1.1887096774193548,133.7375,4.79047619047619
57,Bridge,61,41.0,0.0,18.0,2.0,139.95081967213116,4.524590163934426,1.4558695652173912,87.93442622950819,4.7134375
58,Brimsdown,40,15.0,1.0,24.0,0.0,83.225,2.875,0.9966666666666667,224.325,4.684444444444444
59,Brixton Acre Lane,323,205.0,0.0,118.0,0.0,115.39318885448917,3.4643962848297214,0.8453875968992248,70.63467492260062,4.7564646464646465
60,Brixton North,208,112.0,0.0,96.0,0.0,105.76442307692308,4.475961538461538,0.8879518072289156,96.0576923076923,4.75968
61,Brixton Rush Common,254,146.0,0.0,107.0,1.0,114.94488188976378,4.003937007874016,0.8250485436893205,78.22834645669292,4.815403726708074
62,Brixton Windrush,171,108.0,0.0,62.0,1.0,114.3859649122807,3.415204678362573,1.0810489510489512,78.49707602339181,4.749915254237288
63,Broad Green,67,28.0,0.0,39.0,0.0,77.86567164179104,3.656716417910448,1.2853333333333334,211.0597014925373,4.514864864864865
64,Brockley,270,171.0,0.0,97.0,2.0,99.12222222222222,3.8333333333333335,0.7987142857142857,105.26296296296296,4.801096774193548
65,Bromley Common & Holwood,22,19.0,0.0,3.0,0.0,122.5909090909091,6.363636363636363,1.153125,177.95454545454547,4.846666666666667
66,Bromley North,134,85.0,0.0,49.0,0.0,105.3955223880597,4.462686567164179,0.9556190476190477,85.93283582089552,4.684342105263158
67,Bromley South,161,93.0,0.0,68.0,0.0,104.28571428571429,4.919254658385094,0.9124590163934427,96.7888198757764,4.7541758241758245
68,Bromley Town,63,36.0,0.0,27.0,0.0,103.85714285714286,2.9047619047619047,0.8652,167.53968253968253,4.842631578947369
69,Brompton & Hans Town,691,616.0,42.0,33.0,0.0,322.4949348769899,4.509406657018813,0.9188025210084034,165.96526772793052,4.538333333333333
70,Brondesbury Park,270,162.0,0.0,106.0,2.0,145.42222222222222,4.311111111111111,0.9523267326732674,124.56666666666666,4.602455089820359
71,Brook Green,188,131.0,1.0,55.0,1.0,159.74468085106383,5.101063829787234,1.03,91.84042553191489,4.6539090909090906
72,Brownswood,160,95.0,7.0,58.0,0.0,120.1625,3.9,0.6608333333333333,102.91875,4.825925925925926
73,Bruce Castle,45,21.0,0.0,23.0,1.0,103.44444444444444,4.444444444444445,0.9987878787878788,158.73333333333332,4.6196153846153845
74,Brunswick Park,47,15.0,0.0,32.0,0.0,87.25531914893617,4.872340425531915,0.4863888888888889,175.17021276595744,4.729285714285715
75,Bullsmoor,10,5.0,0.0,5.0,0.0,148.3,1.6,2.14125,207.1,4.836666666666667
76,Bunhill,377,249.0,8.0,120.0,0.0,188.0557029177719,5.9655172413793105,1.1331159420289856,122.05570291777188,4.700046948356808
77,Burnt Oak,55,27.0,0.0,27.0,1.0,95.0909090909091,3.8181818181818183,1.3607142857142858,152.25454545454545,4.503333333333334
78,Bush Hill Park,16,6.0,0.0,10.0,0.0,96.25,3.9375,0.7100000000000001,195.9375,4.86
79,Caledonian,423,240.0,0.0,181.0,2.0,133.24586288416074,3.713947990543735,1.3983433734939759,100.42316784869976,4.627027027027028
80,Camberwell Green,217,120.0,0.0,95.0,2.0,102.963133640553,4.142857142857143,1.3105780346820808,79.14285714285714,4.710071428571428
81,Camden Square,190,105.0,0.0,85.0,0.0,127.61578947368422,3.7157894736842105,1.1019496855345912,102.06315789473685,4.625538461538462
82,Camden Town,336,237.0,0.0,97.0,2.0,161.94345238095238,4.732142857142857,1.2775276752767526,105.09821428571429,4.651959798994975
83,Campden,243,205.0,0.0,37.0,1.0,234.34156378600824,4.839506172839506,1.51994708994709,116.50617283950618,4.685128205128205
84,Canary Wharf,472,358.0,0.0,113.0,1.0,195.59957627118644,9.302966101694915,0.9382539682539683,152.40254237288136,4.697547169811321
85,Canbury Gardens,38,25.0,0.0,13.0,0.0,103.34210526315789,3.6315789473684212,1.0024137931034482,115.23684210526316,4.793181818181818
86,Cann Hall,117,69.0,0.0,48.0,0.0,108.4957264957265,9.931623931623932,0.836551724137931,124.11111111111111,4.707424242424242
87,Canning Town North,105,50.0,0.0,53.0,2.0,100.73333333333333,3.6285714285714286,1.0177027027027028,124.01904761904763,4.706842105263158
88,Canning Town South,123,70.0,0.0,51.0,2.0,135.52032520325204,4.056910569105691,1.2588172043010752,124.13821138211382,4.6967567567567565
89,Cannon Hill,42,15.0,0.0,27.0,0.0,94.11904761904762,3.119047619047619,0.87,119.83333333333333,4.725
90,Canonbury,249,168.0,0.0,81.0,0.0,128.48192771084337,4.024096385542169,0.8713756613756614,78.20080321285141,4.718283582089552
91,Canons,15,6.0,0.0,9.0,0.0,109.13333333333334,6.333333333333333,0.6263636363636363,183.0,4.788571428571429
92,Carshalton Central,26,12.0,0.0,14.0,0.0,82.61538461538461,3.5,0.9345454545454547,165.34615384615384,4.6738888888888885
93,Carshalton South & Clockhouse,14,6.0,0.0,8.0,0.0,102.78571428571429,2.9285714285714284,1.0,158.0,4.88
94,Carterhatch,23,6.0,1.0,16.0,0.0,96.56521739130434,2.4347826086956523,1.3277777777777777,189.08695652173913,4.652222222222222
95,Catford South,75,28.0,0.0,47.0,0.0,108.32,2.4,1.2284615384615385,210.4,4.744761904761905
96,Cathall,88,41.0,0.0,47.0,0.0,100.47727272727273,4.409090909090909,0.941857142857143,123.0340909090909,4.69438596491228
97,Cazenove,131,81.0,0.0,50.0,0.0,104.2824427480916,4.122137404580153,0.5358510638297872,62.68702290076336,4.776451612903226
98,Centenary,20,6.0,0.0,12.0,2.0,84.75,6.95,1.0414285714285714,186.2,4.897272727272727
99,Central Greenford,40,11.0,0.0,29.0,0.0,76.825,2.875,1.1907407407407407,173.825,4.742272727272727
100,Chadwell,37,12.0,0.0,25.0,0.0,90.4054054054054,3.1621621621621623,1.3818181818181818,171.0810810810811,4.733529411764706
101,Chadwell Heath,24,7.0,0.0,17.0,0.0,76.625,2.1666666666666665,1.19375,189.58333333333334,4.825384615384616
102,Champion Hill,93,58.0,0.0,35.0,0.0,120.6774193548387,3.752688172043011,0.5472151898734177,111.6989247311828,4.6947368421052635
103,Chapel End,67,38.0,0.0,29.0,0.0,109.74626865671642,3.7313432835820897,0.7098076923076923,122.7910447761194,4.803333333333334
104,Charlton Hornfair,57,36.0,0.0,21.0,0.0,107.28070175438596,4.9298245614035086,0.9775609756097561,114.70175438596492,4.727714285714286
105,Charlton Village & Riverside,40,19.0,0.0,21.0,0.0,113.5,4.95,1.2506451612903227,163.35,4.635416666666667
106,Charville,13,4.0,0.0,9.0,0.0,60.76923076923077,1.6923076923076923,1.0022222222222221,150.30769230769232,4.79125
107,Chaucer,368,179.0,2.0,178.0,9.0,132.99728260869566,3.785326086956522,1.2392982456140351,90.5679347826087,4.610308370044053
108,Cheam,26,14.0,0.0,11.0,1.0,92.26923076923077,2.0,1.7968181818181819,178.42307692307693,4.718999999999999
109,Chelsea Riverside,200,169.0,0.0,30.0,1.0,218.045,4.79,1.0821739130434782,139.09,4.714814814814814
110,Chelsfield,17,10.0,0.0,7.0,0.0,75.52941176470588,2.176470588235294,0.8674999999999999,213.41176470588235,4.582307692307692
111,Chessington South & Malden Rushett,20,11.0,0.0,9.0,0.0,109.45,2.5,2.1061538461538465,190.6,4.808181818181819
112,Childs Hill,276,180.0,3.0,93.0,0.0,133.8985507246377,3.0579710144927534,1.297,143.44202898550725,4.735298013245033
113,Chingford Green,24,8.0,0.0,16.0,0.0,92.29166666666667,2.875,0.5226666666666666,125.29166666666667,4.8475
114,Chislehurst,19,13.0,0.0,6.0,0.0,142.26315789473685,2.5789473684210527,1.07,196.05263157894737,4.91
115,Chiswick Gunnersbury,147,88.0,0.0,59.0,0.0,140.0748299319728,3.7823129251700682,0.9958196721311475,127.85714285714286,4.760315789473684
116,Chiswick Homefields,123,79.0,4.0,40.0,0.0,155.34146341463415,5.0894308943089435,0.7958333333333334,103.8780487804878,4.7262162162162165
117,Chiswick Riverside,87,68.0,0.0,19.0,0.0,180.8735632183908,4.551724137931035,0.7744594594594595,141.0,4.6836363636363645
118,Church Street,357,281.0,2.0,73.0,1.0,328.10364145658264,4.915966386554622,1.3118627450980391,154.57703081232492,4.541689189189189
119,Churchfields,35,19.0,0.0,16.0,0.0,128.8,4.171428571428572,0.8509090909090908,148.62857142857143,4.807857142857143
120,City of London,485,428.0,0.0,55.0,2.0,212.95051546391753,4.517525773195876,1.4974005305039788,137.82061855670102,4.617878787878788
121,Clapham Common & Abbeville,119,84.0,0.0,35.0,0.0,149.5546218487395,4.226890756302521,0.9103448275862069,96.5126050420168,4.802794117647059
122,Clapham East,176,106.0,0.0,69.0,1.0,119.9659090909091,4.0227272727272725,1.073984375,93.91477272727273,4.7199
123,Clapham Park,170,88.0,0.0,82.0,0.0,99.00588235294117,3.4352941176470586,1.0923913043478262,101.81176470588235,4.764803921568627
124,Clapham Town,270,166.0,0.0,103.0,1.0,154.34814814814814,4.048148148148148,0.8893364928909953,93.14074074074074,4.779367816091954
125,Clayhall,54,26.0,0.0,27.0,1.0,146.64814814814815,2.7777777777777777,1.43625,235.12962962962962,4.71
126,Clementswood,24,3.0,0.0,20.0,1.0,89.91666666666667,9.458333333333334,1.0335714285714286,144.66666666666666,4.782727272727272
127,Clerkenwell,426,294.0,1.0,131.0,0.0,178.593896713615,3.6338028169014085,1.1314985590778097,107.66666666666667,4.6745918367346935
128,Clissold,245,163.0,0.0,82.0,0.0,112.36734693877551,4.2,0.7104712041884816,78.73061224489796,4.811438848920863
129,Clock House,51,23.0,0.0,28.0,0.0,86.98039215686275,3.0588235294117645,0.9041025641025641,142.64705882352942,4.838518518518518
130,Cockfosters,26,13.0,0.0,13.0,0.0,141.15384615384616,2.923076923076923,0.8655555555555555,253.69230769230768,4.835384615384616
131,Colham & Cowley,72,18.0,0.0,50.0,4.0,86.52777777777777,3.875,1.0527777777777778,184.19444444444446,4.645142857142858
132,Colindale North,68,25.0,0.0,42.0,1.0,91.83823529411765,3.5588235294117645,0.6639393939393939,91.70588235294117,4.7052
133,Colindale South,195,101.0,0.0,94.0,0.0,105.2974358974359,5.076923076923077,0.8039999999999999,123.44102564102565,4.7448051948051955
134,College Park & Old Oak,131,81.0,0.0,49.0,1.0,119.99236641221374,4.473282442748092,1.1350526315789473,126.8473282442748,4.59125
135,Colliers Wood,132,77.0,0.0,53.0,2.0,121.48484848484848,3.0681818181818183,0.9446236559139786,143.92424242424244,4.713731343283582
136,Colville,315,268.0,1.0,44.0,2.0,216.97142857142856,4.85079365079365,1.0959288537549405,103.22539682539683,4.727209302325582
137,Coningham,179,122.0,0.0,57.0,0.0,147.86033519553072,3.983240223463687,0.9361764705882354,102.26815642458101,4.710934579439252
138,Coombe Hill,54,32.0,0.0,22.0,0.0,136.3148148148148,3.7962962962962963,0.7725,138.16666666666666,4.7208
139,Coombe Vale,27,14.0,0.0,13.0,0.0,120.48148148148148,2.8518518518518516,0.9063636363636364,138.8148148148148,4.800526315789473
140,Coulsdon Town,15,6.0,0.0,9.0,0.0,118.2,2.6666666666666665,0.5592307692307693,83.4,4.883
141,Courtfield,576,515.0,0.0,57.0,4.0,290.140625,4.192708333333333,0.9763366336633663,155.41145833333334,4.624448275862068
142,Cranbrook,59,22.0,0.0,37.0,0.0,107.27118644067797,3.389830508474576,1.0577777777777777,248.72881355932202,4.59
143,Cranford,27,13.0,0.0,14.0,0.0,77.85185185185185,1.4814814814814814,0.8031818181818182,207.4814814814815,4.3792857142857144
144,Cranham,8,7.0,0.0,1.0,0.0,99.5,2.375,0.8300000000000001,156.625,4.74
145,Crayford,23,11.0,0.0,12.0,0.0,80.91304347826087,3.0,0.719,181.52173913043478,4.5600000000000005
146,Cricket Green,38,14.0,0.0,23.0,1.0,79.94736842105263,2.3157894736842106,0.9291666666666667,108.13157894736842,4.527647058823529
147,Cricklewood,109,71.0,0.0,38.0,0.0,126.08256880733946,5.247706422018348,1.0052439024390243,151.89908256880733,4.63968253968254
148,Cricklewood & Mapesbury,167,99.0,0.0,68.0,0.0,106.38323353293413,3.970059880239521,0.9788617886178862,125.67664670658682,4.568470588235294
149,Crofton Park,138,80.0,0.0,58.0,0.0,104.81159420289855,4.202898550724638,0.6970642201834862,86.81884057971014,4.7876666666666665
150,Crook Log,24,5.0,0.0,19.0,0.0,73.375,2.0,1.315,204.95833333333334,4.890714285714286
151,Crouch End,149,91.0,1.0,56.0,1.0,131.21476510067114,4.281879194630872,0.8333884297520662,105.16778523489933,4.833232323232323
152,Crystal Palace & Anerley,104,60.0,0.0,43.0,1.0,108.67307692307692,4.538461538461538,0.8822471910112359,120.75,4.731428571428571
153,Crystal Palace & Upper Norwood,105,65.0,0.0,40.0,0.0,96.98095238095237,5.114285714285714,0.9688888888888889,141.9047619047619,4.714153846153846
154,Custom House,127,58.0,0.0,68.0,1.0,130.61417322834646,2.748031496062992,1.181509433962264,125.25196850393701,4.567272727272727
155,Dalgarno,84,57.0,0.0,27.0,0.0,205.33333333333334,4.476190476190476,1.0254098360655737,162.46428571428572,4.6777999999999995
156,Dalston,315,200.0,0.0,115.0,0.0,110.7936507936508,4.295238095238095,0.8168825910931174,71.36507936507937,4.783045685279188
157,Darwin,19,15.0,0.0,4.0,0.0,134.94736842105263,2.3684210526315788,1.006,248.68421052631578,4.89
158,De Beauvoir,264,171.0,0.0,93.0,0.0,131.79166666666666,4.359848484848484,0.6434562211981567,61.31818181818182,4.786942675159235
159,Deptford,213,131.0,0.0,82.0,0.0,105.51643192488262,4.732394366197183,0.8945679012345679,112.22535211267606,4.6875
160,Dollis Hill,146,81.0,0.0,65.0,0.0,116.96575342465754,5.13013698630137,0.8957547169811321,222.68493150684932,4.611029411764706
161,Dormers Wells,39,25.0,0.0,14.0,0.0,74.6923076923077,7.205128205128205,0.8419354838709678,200.46153846153845,4.271304347826087
162,Downham,48,18.0,0.0,30.0,0.0,89.54166666666667,5.4375,0.7786111111111111,139.625,4.698
163,Dulwich Hill,98,68.0,0.0,30.0,0.0,138.9591836734694,4.591836734693878,0.6660526315789473,98.56122448979592,4.825
164,Dulwich Village,81,53.0,0.0,28.0,0.0,155.7037037037037,4.604938271604938,0.6247692307692307,99.61728395061728,4.843396226415094
165,Dulwich Wood,81,50.0,0.0,29.0,2.0,117.34567901234568,4.209876543209877,0.7651785714285715,102.71604938271605,4.784878048780488
166,Ealing Broadway,132,72.0,0.0,60.0,0.0,115.46969696969697,4.257575757575758,0.897319587628866,112.22727272727273,4.724242424242425
167,Ealing Common,162,87.0,0.0,73.0,2.0,132.2962962962963,3.9382716049382718,0.9752755905511811,120.50617283950618,4.775851063829787
168,Earl's Court,566,449.0,0.0,116.0,1.0,182.55830388692578,5.263250883392226,1.0540666666666667,145.565371024735,4.494676056338028
169,East Acton,232,145.0,0.0,86.0,1.0,120.40948275862068,5.030172413793103,1.1541447368421054,111.21982758620689,4.734999999999999
170,East Barnet,35,19.0,0.0,16.0,0.0,106.37142857142857,3.0,0.40652173913043477,207.37142857142857,4.865833333333334
171,East Finchley,111,79.0,0.0,32.0,0.0,97.25225225225225,5.864864864864865,0.5248863636363637,163.59459459459458,4.80828125
172,East Greenwich,174,110.0,6.0,57.0,1.0,138.9655172413793,4.862068965517241,1.1542957746478872,131.04597701149424,4.795486725663717
173,East Ham,29,7.0,0.0,22.0,0.0,85.82758620689656,2.6551724137931036,1.215,217.3448275862069,4.792105263157895
174,East Ham South,36,20.0,0.0,16.0,0.0,158.44444444444446,2.3055555555555554,0.9479999999999998,116.16666666666667,4.666428571428571
175,East Putney,244,151.0,0.0,93.0,0.0,150.1844262295082,3.6065573770491803,0.9357608695652174,97.77049180327869,4.781751824817518
176,East Sheen,66,41.0,0.0,25.0,0.0,163.4090909090909,4.636363636363637,0.9442857142857143,121.4090909090909,4.796842105263158
177,East Wickham,28,9.0,0.0,19.0,0.0,75.5,2.142857142857143,0.7614285714285715,192.60714285714286,4.630588235294118
178,Eastbrook & Rush Green,23,8.0,0.0,15.0,0.0,113.52173913043478,2.3043478260869565,1.1815,158.1304347826087,4.763846153846154
179,Eastbury,27,9.0,0.0,18.0,0.0,80.0,4.296296296296297,1.6447058823529412,218.4814814814815,4.708
180,Eastcote,15,7.0,0.0,8.0,0.0,74.4,1.6666666666666667,2.102307692307692,80.66666666666667,4.801818181818182
181,Edgware,117,52.0,0.0,64.0,1.0,106.58974358974359,3.5982905982905984,1.0407142857142857,209.94871794871796,4.66463768115942
182,Edgwarebury,23,6.0,0.0,17.0,0.0,101.0,1.8695652173913044,0.905,187.04347826086956,4.792727272727273
183,Edmonton Green,30,17.0,0.0,13.0,0.0,110.16666666666667,3.0,1.2625,182.2,4.7823529411764705
184,Elm Park,27,7.0,0.0,20.0,0.0,86.0,2.3703703703703702,0.7304545454545455,180.44444444444446,4.596470588235294
185,Eltham Page,39,20.0,0.0,18.0,1.0,98.0,6.205128205128205,0.7960714285714285,156.69230769230768,4.8149999999999995
186,Eltham Park & Progress,23,9.0,0.0,14.0,0.0,82.17391304347827,5.173913043478261,0.7384210526315789,200.56521739130434,4.726428571428571
187,Eltham Town & Avery Hill,47,26.0,0.0,20.0,1.0,132.61702127659575,5.425531914893617,0.9678125,150.4468085106383,4.788214285714285
188,Emerson Park,6,2.0,0.0,4.0,0.0,71.83333333333333,4.666666666666667,0.48,239.5,4.75
189,Endlebury,9,3.0,0.0,6.0,0.0,123.44444444444444,1.8888888888888888,0.33199999999999996,238.33333333333334,4.77
190,Enfield Lock,22,13.0,0.0,8.0,1.0,90.45454545454545,2.5,0.938125,219.5,4.71
191,Erith,47,18.0,0.0,27.0,2.0,87.2127659574468,4.127659574468085,0.908125,200.61702127659575,4.724782608695652
192,Evelyn,170,87.0,0.0,83.0,0.0,98.91764705882353,3.788235294117647,1.0095762711864407,101.93529411764706,4.654367816091954
193,Fairfield,223,175.0,0.0,48.0,0.0,103.69058295964126,4.2242152466367715,1.044635761589404,170.97757847533632,4.640098039215687
194,Fairlop,27,12.0,0.0,14.0,1.0,101.92592592592592,7.444444444444445,0.54,101.81481481481481,4.608333333333333
195,Falconbrook,213,136.0,0.0,76.0,1.0,132.57276995305165,3.403755868544601,1.007628205128205,116.17370892018779,4.694793388429752
196,Falconwood & Welling,17,10.0,0.0,7.0,0.0,106.47058823529412,2.588235294117647,1.163846153846154,136.35294117647058,4.921428571428572
197,Faraday,161,86.0,0.0,75.0,0.0,101.26708074534162,3.3043478260869565,1.3154135338345865,107.1304347826087,4.625172413793103
198,Farnborough & Crofton,8,4.0,0.0,4.0,0.0,102.25,3.25,1.0285714285714285,76.375,4.8325
199,Feltham North,24,3.0,0.0,21.0,0.0,75.16666666666667,2.25,0.9272222222222223,155.70833333333334,4.6353333333333335
200,Feltham West,28,9.0,0.0,19.0,0.0,89.17857142857143,2.1785714285714284,1.889375,195.96428571428572,4.7716666666666665
201,Figge's Marsh,14,8.0,0.0,6.0,0.0,86.85714285714286,2.142857142857143,0.920909090909091,22.571428571428573,4.694
202,Finchley Church End,87,52.0,0.0,35.0,0.0,127.44827586206897,4.160919540229885,0.9547540983606556,124.03448275862068,4.761428571428572
203,Finsbury Park,226,145.0,0.0,81.0,0.0,108.40707964601769,2.893805309734513,1.027094972067039,104.8716814159292,4.675970149253732
204,Forest,76,40.0,0.0,36.0,0.0,91.40789473684211,5.2368421052631575,0.8310416666666667,101.80263157894737,4.744848484848485
205,Forest Gate North,61,36.0,0.0,24.0,1.0,120.11475409836065,4.655737704918033,0.9388095238095238,146.63934426229508,4.684137931034483
206,Forest Gate South,98,32.0,0.0,66.0,0.0,88.75510204081633,3.6122448979591835,1.434776119402985,142.73469387755102,4.742452830188679
207,Forest Hill,140,90.0,0.0,50.0,0.0,116.51428571428572,4.057142857142857,0.879304347826087,99.12857142857143,4.82265306122449
208,Fortis Green,88,51.0,0.0,37.0,0.0,119.70454545454545,5.056818181818182,0.9454411764705883,123.14772727272727,4.829615384615384
209,Fortune Green,177,130.0,0.0,47.0,0.0,129.27118644067798,4.655367231638418,0.7368333333333333,103.36158192090396,4.62531914893617
210,Friern Barnet,84,41.0,0.0,43.0,0.0,108.17857142857143,2.869047619047619,0.7698113207547169,117.58333333333333,4.710930232558139
211,Frognal,116,94.0,0.0,21.0,1.0,183.23275862068965,9.982758620689655,0.7304054054054053,124.04310344827586,4.746851851851852
212,Fulham Reach,166,105.0,0.0,60.0,1.0,156.44578313253012,3.536144578313253,0.9486153846153846,116.48192771084338,4.761333333333333
213,Fulham Town,161,122.0,0.0,39.0,0.0,191.75155279503105,6.22360248447205,0.8055084745762712,106.65217391304348,4.702111111111111
214,Fullwell,20,5.0,0.0,15.0,0.0,85.9,6.65,0.612,209.4,4.651428571428572
215,Fulwell & Hampton Hill,60,34.0,0.0,25.0,1.0,131.83333333333334,4.5,0.8646511627906976,190.06666666666666,4.7840740740740735
216,Furzedown,135,73.0,0.0,62.0,0.0,110.44444444444444,4.607407407407408,0.9383838383838384,114.01481481481481,4.829390243902439
217,Garden Suburb,58,32.0,0.0,24.0,2.0,149.41379310344828,3.810344827586207,0.806,113.39655172413794,4.714444444444445
218,Gascoigne,50,27.0,0.0,21.0,2.0,112.44,3.14,0.7888235294117647,209.16,4.5905000000000005
219,Gipsy Hill,67,41.0,0.0,26.0,0.0,93.53731343283582,3.701492537313433,0.8748888888888888,133.97014925373134,4.813125
220,Golborne,215,159.0,3.0,53.0,0.0,178.31627906976743,3.5441860465116277,0.9073376623376622,111.88372093023256,4.649304347826087
221,Golders Green,144,98.0,0.0,45.0,1.0,153.59027777777777,3.9166666666666665,1.1770833333333333,161.25694444444446,4.758028169014084
222,Goodmayes,47,20.0,0.0,25.0,2.0,101.04255319148936,5.617021276595745,1.0624137931034483,159.72340425531914,4.606521739130435
223,Goose Green,162,119.0,0.0,43.0,0.0,152.0493827160494,4.962962962962963,1.0703508771929824,97.33333333333333,4.802795698924731
224,Gooshays,23,8.0,0.0,15.0,0.0,123.43478260869566,1.7826086956521738,1.6686666666666667,198.91304347826087,4.630909090909091
225,Goresbrook,20,8.0,0.0,12.0,0.0,81.85,9.85,0.77,151.9,4.730769230769231
226,Gospel Oak,140,106.0,0.0,34.0,0.0,160.25,4.014285714285714,0.7532710280373831,95.16428571428571,4.7680952380952375
227,Grange Park,44,32.0,5.0,7.0,0.0,142.5909090909091,1.9318181818181819,0.4765625,196.11363636363637,4.562222222222222
228,Graveney,43,15.0,0.0,28.0,0.0,109.72093023255815,3.8372093023255816,0.7746875,179.95348837209303,4.777826086956522
229,Green Lane & St James,13,5.0,0.0,8.0,0.0,59.30769230769231,1.7692307692307692,1.2027272727272729,102.07692307692308,4.628
230,Green Street East,34,12.0,0.0,21.0,1.0,72.73529411764706,6.205882352941177,2.0654545454545454,84.70588235294117,4.662777777777778
231,Green Street West,51,9.0,0.0,40.0,2.0,55.72549019607843,3.0588235294117645,1.7806976744186047,165.31372549019608,4.6887878787878785
232,Greenford Broadway,21,8.0,0.0,13.0,0.0,94.61904761904762,3.238095238095238,1.2586666666666666,168.42857142857142,4.821818181818181
233,Greenhill,67,39.0,0.0,28.0,0.0,106.16417910447761,4.1940298507462686,0.7928301886792453,166.1044776119403,4.615135135135135
234,Greenwich Creekside,82,41.0,0.0,41.0,0.0,111.0609756097561,3.402439024390244,1.2196969696969697,103.7439024390244,4.7627906976744185
235,Greenwich Park,137,97.0,0.0,39.0,1.0,126.38686131386861,2.9051094890510947,0.9406422018348624,95.5985401459854,4.698352941176471
236,Greenwich Peninsula,159,105.0,0.0,53.0,1.0,149.44025157232704,4.289308176100629,1.0741935483870966,118.28301886792453,4.7581308411214955
237,Grove,184,135.0,4.0,45.0,0.0,153.4891304347826,6.75,0.8086163522012578,118.5054347826087,4.708549618320611
238,Grove Green,158,95.0,0.0,63.0,0.0,96.98101265822785,4.677215189873418,0.6331147540983606,118.76582278481013,4.636741573033708
239,Grove Park,60,31.0,0.0,29.0,0.0,90.25,4.866666666666666,1.016590909090909,195.76666666666668,4.7829411764705885
240,Hackbridge,17,11.0,0.0,6.0,0.0,108.11764705882354,6.0588235294117645,0.45,185.7058823529412,4.964444444444444
241,Hackney Central,376,250.0,1.0,124.0,1.0,120.61170212765957,3.9867021276595747,0.7697058823529411,82.71010638297872,4.789820627802691
242,Hackney Downs,296,192.0,0.0,104.0,0.0,105.68243243243244,4.449324324324325,0.6490867579908676,71.73648648648648,4.785632911392405
243,Hackney Wick,235,143.0,0.0,92.0,0.0,121.13617021276596,3.7148936170212767,0.8823333333333333,90.6468085106383,4.746382978723404
244,Hacton,9,4.0,0.0,5.0,0.0,80.88888888888889,2.2222222222222223,1.0328571428571427,71.0,4.8966666666666665
245,Haggerston,484,268.0,0.0,216.0,0.0,109.22727272727273,4.762396694214876,0.8693366093366093,62.33884297520661,4.743907692307692
246,Hainault,21,8.0,0.0,13.0,0.0,92.23809523809524,1.8095238095238095,0.40923076923076923,183.0,4.8725000000000005
247,Hale End & Highams Park South,21,7.0,0.0,14.0,0.0,80.23809523809524,2.0476190476190474,1.2938888888888889,132.1904761904762,4.81375
248,"Ham, Petersham & Richmond Riverside",61,37.0,1.0,23.0,0.0,149.1639344262295,3.540983606557377,1.3497916666666667,116.55737704918033,4.819318181818182
249,Hammersmith Broadway,113,67.0,0.0,46.0,0.0,156.73451327433628,4.415929203539823,1.358433734939759,113.38938053097345,4.694999999999999
250,Hampstead Town,122,99.0,0.0,23.0,0.0,210.2295081967213,4.680327868852459,0.789622641509434,112.77868852459017,4.785217391304348
251,Hampton,41,30.0,0.0,11.0,0.0,149.0,2.658536585365854,1.0491428571428572,132.65853658536585,4.8517241379310345
252,Hampton North,18,12.0,0.0,6.0,0.0,142.66666666666666,3.611111111111111,1.0241666666666667,153.27777777777777,4.827272727272727
253,Hampton Wick & South Teddington,59,34.0,0.0,25.0,0.0,133.864406779661,3.593220338983051,1.2182608695652173,109.03389830508475,4.822790697674418
254,Hanger Hill,107,51.0,0.0,54.0,2.0,106.20560747663552,5.579439252336448,0.8441176470588235,160.06542056074767,4.701914893617022
255,Hanwell Broadway,93,48.0,0.0,45.0,0.0,115.6774193548387,3.139784946236559,1.245,139.23655913978496,4.738085106382979
256,Hanworth Park,38,6.0,0.0,32.0,0.0,75.73684210526316,2.3947368421052633,0.6604166666666667,165.18421052631578,4.805555555555555
257,Hanworth Village,30,9.0,0.0,19.0,2.0,85.1,2.7,1.1910526315789474,219.36666666666667,4.800625
258,Harefield Village,20,9.0,0.0,11.0,0.0,109.35,6.95,1.3990909090909092,93.05,4.818333333333333
259,Harlesden & Kensal Green,238,136.0,0.0,102.0,0.0,133.36974789915968,3.764705882352941,0.892764705882353,125.9201680672269,4.755187969924813
260,Harold Wood,11,10.0,0.0,1.0,0.0,238.0,3.1818181818181817,0.43166666666666664,248.63636363636363,4.752
261,Harringay,196,118.0,0.0,77.0,1.0,111.23469387755102,3.5918367346938775,0.979078947368421,101.19897959183673,4.783982300884956
262,Harrow Road,340,234.0,0.0,104.0,2.0,133.53529411764706,4.402941176470589,1.0394094488188976,141.69117647058823,4.603193717277487
263,Harrow Weald,17,5.0,0.0,12.0,0.0,80.29411764705883,6.235294117647059,0.515,160.41176470588235,4.8244444444444445
264,Harrow on the Hill,48,30.0,0.0,18.0,0.0,104.8125,3.4791666666666665,1.1405263157894738,200.64583333333334,4.720909090909091
265,Haselbury,40,15.0,0.0,24.0,1.0,120.4,2.5,1.5767741935483872,212.8,4.559230769230769
266,Hatch End,6,5.0,0.0,1.0,0.0,383.5,6.333333333333333,0.13,255.33333333333334,4.1899999999999995
267,Hatch Lane & Highams Park North,21,9.0,0.0,12.0,0.0,82.33333333333333,3.2857142857142856,1.07625,131.76190476190476,4.773076923076923
268,Havering-atte-Bower,17,6.0,0.0,11.0,0.0,130.11764705882354,3.764705882352941,0.7285714285714285,219.47058823529412,4.7219999999999995
269,Haverstock,253,179.0,1.0,72.0,1.0,145.29644268774703,5.466403162055336,0.9726315789473685,77.7588932806324,4.61169014084507
270,Hayes & Coney Hall,18,12.0,0.0,6.0,0.0,117.94444444444444,2.2777777777777777,0.7633333333333333,177.05555555555554,4.866363636363636
271,Hayes Town,50,16.0,0.0,33.0,1.0,96.12,3.9,1.121764705882353,211.26,4.73
272,Headstone,24,8.0,0.0,16.0,0.0,103.08333333333333,7.208333333333333,0.8276470588235294,150.625,4.811999999999999
273,Heath,23,10.0,0.0,13.0,0.0,117.04347826086956,4.6521739130434785,1.2661538461538462,274.9130434782609,4.703
274,Heathfield,13,6.0,0.0,7.0,0.0,81.0,3.1538461538461537,0.845,134.07692307692307,4.916666666666667
275,Heathrow Villages,138,67.0,0.0,70.0,1.0,121.76086956521739,2.5579710144927534,1.7610000000000001,251.81159420289856,4.366923076923077
276,Heaton,17,11.0,0.0,6.0,0.0,131.11764705882354,5.411764705882353,1.2200000000000002,200.94117647058823,4.779
277,Hendon,161,95.0,0.0,63.0,3.0,132.50310559006212,4.279503105590062,1.1601923076923077,153.96273291925465,4.6276
278,Hermitage & Gardens,103,48.0,0.0,55.0,0.0,93.62135922330097,3.883495145631068,0.805068493150685,77.52427184466019,4.779622641509434
279,Herne Hill & Loughborough Junction,242,144.0,0.0,98.0,0.0,113.52892561983471,4.904958677685951,0.7682178217821782,70.22727272727273,4.777452229299363
280,Heston Central,17,3.0,0.0,14.0,0.0,84.76470588235294,1.8235294117647058,0.8123076923076924,96.0,4.568
281,Heston East,25,10.0,0.0,15.0,0.0,72.44,3.12,1.4013043478260871,251.32,4.570952380952381
282,Heston West,17,9.0,0.0,8.0,0.0,129.7058823529412,1.7058823529411764,0.9299999999999999,170.47058823529412,4.718
283,High Barnet,29,23.0,0.0,6.0,0.0,156.51724137931035,6.137931034482759,1.3263636363636364,157.13793103448276,4.789333333333333
284,High Street,82,52.0,0.0,30.0,0.0,109.51219512195122,3.8292682926829267,0.80171875,90.46341463414635,4.836590909090909
285,Higham Hill,86,57.0,0.0,29.0,0.0,114.22093023255815,4.5,0.9648214285714286,135.65116279069767,4.663809523809523
286,Highbury,229,147.0,0.0,81.0,1.0,135.1353711790393,3.2270742358078603,0.7626553672316385,82.33624454148472,4.7828888888888885
287,Highfield,15,8.0,0.0,7.0,0.0,115.66666666666667,3.933333333333333,0.47846153846153844,159.06666666666666,4.93625
288,Highgate,273,195.0,0.0,77.0,1.0,151.44688644688645,4.501831501831502,0.88625,99.36996336996337,4.759741935483871
289,Hillingdon East,22,9.0,0.0,13.0,0.0,80.63636363636364,3.8181818181818183,0.9717647058823529,252.45454545454547,4.8925
290,Hillingdon West,33,13.0,0.0,20.0,0.0,93.87878787878788,5.03030303030303,0.8344,150.6969696969697,4.694
291,Hillrise,145,81.0,0.0,62.0,2.0,107.86896551724138,4.4,0.8335087719298245,82.78620689655172,4.703855421686747
292,Hillside,144,84.0,0.0,60.0,0.0,152.70138888888889,3.1527777777777777,0.7202970297029703,128.80555555555554,4.762941176470588
293,Hither Green,124,60.0,0.0,61.0,3.0,86.4274193548387,4.024193548387097,0.8642528735632183,140.41935483870967,4.7548571428571424
294,Hoe Street,104,68.0,0.0,36.0,0.0,101.71153846153847,3.0096153846153846,1.1408045977011494,120.57692307692308,4.806714285714286
295,Holborn & Covent Garden,696,539.0,1.0,154.0,2.0,244.91091954022988,5.405172413793103,1.1431715771230502,131.13505747126436,4.629416666666667
296,Holland,284,216.0,1.0,66.0,1.0,210.98591549295776,6.116197183098592,0.9185436893203883,129.48239436619718,4.675325443786982
297,Holloway,214,137.0,0.0,77.0,0.0,115.75233644859813,4.990654205607477,1.2260344827586207,80.93457943925233,4.728208955223881
298,Homerton,278,153.0,0.0,124.0,1.0,101.4136690647482,4.640287769784172,0.9358685446009389,80.70143884892086,4.7980346820809245
299,Hook & Chessington North,11,8.0,0.0,3.0,0.0,123.36363636363636,2.727272727272727,1.0925,187.72727272727272,4.864285714285714
300,Hornsey,119,70.0,0.0,49.0,0.0,123.96638655462185,4.882352941176471,1.0282758620689656,101.6218487394958,4.857049180327868
301,Hounslow Central,44,32.0,0.0,9.0,3.0,119.25,7.9772727272727275,1.6989655172413793,211.4090909090909,4.4270000000000005
302,Hounslow East,26,10.0,0.0,16.0,0.0,68.8076923076923,1.7692307692307692,1.4382608695652173,102.42307692307692,4.761666666666667
303,Hounslow Heath,34,12.0,0.0,22.0,0.0,75.08823529411765,6.9411764705882355,1.2324000000000002,193.2941176470588,4.679333333333333
304,Hounslow South,48,25.0,0.0,23.0,0.0,97.75,3.1041666666666665,1.729375,140.9375,4.8124
305,Hounslow West,30,16.0,0.0,14.0,0.0,93.43333333333334,5.8,2.0614999999999997,153.26666666666668,4.658823529411765
306,Hoxton East & Shoreditch,661,473.0,3.0,185.0,0.0,156.46142208774583,5.403933434190621,1.0534870848708486,121.89561270801815,4.659202733485194
307,Hoxton West,450,281.0,0.0,167.0,2.0,144.65777777777777,5.866666666666666,1.0755555555555554,96.4,4.740752688172043
308,Hyde Park,738,558.0,0.0,179.0,1.0,240.18834688346882,4.10840108401084,1.5280483271375465,141.1029810298103,4.500119904076739
309,Hylands & Harrow Lodge,15,3.0,0.0,12.0,0.0,68.66666666666667,3.6,1.0645454545454547,260.26666666666665,4.857777777777778
310,Ickenham & South Harefield,30,12.0,0.0,17.0,1.0,83.3,4.233333333333333,0.6119230769230769,154.83333333333334,4.876470588235295
311,Ilford Town,32,16.0,0.0,16.0,0.0,132.0,3.5,1.3422727272727273,133.15625,4.47
312,Island Gardens,184,85.0,0.0,98.0,1.0,105.2554347826087,5.75,1.0225,103.16847826086956,4.666138613861386
313,Isleworth,77,39.0,0.0,37.0,1.0,121.77922077922078,2.3506493506493507,1.01,138.5974025974026,4.7504
314,Jubilee,23,8.0,0.0,15.0,0.0,73.0,2.652173913043478,1.0947619047619048,213.65217391304347,4.625
315,Junction,172,108.0,0.0,63.0,1.0,119.36627906976744,3.0348837209302326,0.9183333333333333,91.27325581395348,4.777032967032967
316,Kelsey & Eden Park,24,13.0,0.0,10.0,1.0,119.625,2.125,1.42375,146.08333333333334,4.824285714285715
317,Kenley,6,3.0,0.0,3.0,0.0,116.0,2.5,0.4675,196.16666666666666,4.739999999999999
318,Kennington,302,159.0,0.0,140.0,3.0,132.43046357615893,4.993377483443709,1.5460816326530613,105.00331125827815,4.693640776699029
319,Kentish Town North,105,78.0,0.0,27.0,0.0,138.44761904761904,3.7142857142857144,0.7542528735632185,68.8952380952381,4.791643835616439
320,Kentish Town South,245,166.0,0.0,79.0,0.0,138.6,4.391836734693878,0.8791584158415842,92.70204081632653,4.700975609756098
321,Kenton,28,8.0,0.0,20.0,0.0,86.60714285714286,4.785714285714286,1.3426315789473684,181.39285714285714,4.718235294117647
322,Kenton East,11,5.0,0.0,6.0,0.0,103.27272727272727,2.6363636363636362,1.1455555555555557,235.0,4.807777777777778
323,Kenton West,12,8.0,0.0,4.0,0.0,171.83333333333334,5.5,0.88,194.16666666666666,4.554285714285714
324,Kew,138,82.0,0.0,56.0,0.0,149.34057971014494,4.869565217391305,1.0829357798165138,122.01449275362319,4.817204301075269
325,Kidbrooke Park,53,21.0,0.0,32.0,0.0,86.41509433962264,1.9811320754716981,1.2002702702702703,138.64150943396226,4.597333333333333
326,Kidbrooke Village & Sutcliffe,25,17.0,0.0,8.0,0.0,118.16,4.16,0.8372222222222222,148.0,4.7925
327,Kilburn,528,372.0,0.0,154.0,2.0,142.38636363636363,4.8977272727272725,1.0900254452926208,125.40719696969697,4.686068965517242
328,King George's & Sunray,9,6.0,0.0,3.0,0.0,82.44444444444444,3.6666666666666665,1.312,144.44444444444446,4.702
329,King's Cross,554,250.0,4.0,296.0,4.0,144.97472924187727,3.0938628158844765,1.8286474501108647,131.82490974729242,4.455549738219895
330,King's Park,220,106.0,1.0,113.0,0.0,106.12272727272727,4.095454545454546,0.5917365269461078,88.97272727272727,4.78248
331,Kingsbury,42,19.0,0.0,22.0,1.0,144.1904761904762,3.4523809523809526,0.9941379310344827,190.0,4.5885
332,Kingston Gate,63,31.0,0.0,32.0,0.0,111.31746031746032,2.761904761904762,0.9430909090909091,100.63492063492063,4.791794871794871
333,Kingston Town,102,58.0,0.0,44.0,0.0,118.98039215686275,4.186274509803922,0.8462025316455696,135.01960784313727,4.798983050847458
334,Knight's Hill,104,53.0,0.0,50.0,1.0,93.0,4.423076923076923,0.8650617283950617,101.27884615384616,4.747460317460317
335,Knightsbridge & Belgravia,292,242.0,0.0,42.0,8.0,340.3390410958904,4.558219178082192,1.1007582938388625,141.88698630136986,4.666823529411765
336,Lady Margaret,20,4.0,0.0,14.0,2.0,86.9,1.75,0.5962500000000001,203.5,4.8
337,Ladywell,146,83.0,0.0,61.0,2.0,112.1917808219178,3.732876712328767,0.8203478260869566,99.89041095890411,4.8
338,Lancaster Gate,1055,833.0,10.0,200.0,12.0,214.14123222748816,5.651184834123223,1.2613373493975906,117.81516587677726,4.5540625
339,Lansbury,251,112.0,0.0,138.0,1.0,104.88844621513944,4.705179282868526,0.9282162162162162,107.17529880478088,4.6621985815602836
340,Larkswood,33,8.0,0.0,25.0,0.0,59.84848484848485,2.0606060606060606,1.6528,153.0,4.759565217391304
341,Lavender,278,221.0,0.0,57.0,0.0,164.03956834532374,3.6546762589928057,0.785560538116592,117.24460431654676,4.825705882352941
342,Lavender Fields,59,21.0,0.0,36.0,2.0,88.71186440677967,2.2203389830508473,1.3093617021276596,120.79661016949153,4.842051282051282
343,Laycock,269,181.0,0.0,88.0,0.0,135.9442379182156,5.66542750929368,0.8483009708737864,83.85501858736059,4.76970238095238
344,Lea Bridge,469,260.0,0.0,209.0,0.0,116.1684434968017,4.409381663113006,0.7357549857549858,105.92324093816632,4.741472868217054
345,Lee Green,105,44.0,0.0,59.0,2.0,92.92380952380952,3.4285714285714284,0.709620253164557,165.0857142857143,4.758545454545455
346,Lewisham Central,88,49.0,0.0,39.0,0.0,87.7159090909091,3.965909090909091,0.7466666666666667,105.14772727272727,4.69
347,Leyton,122,61.0,0.0,59.0,2.0,97.99180327868852,5.180327868852459,0.7092222222222222,175.2295081967213,4.662028985507247
348,Leytonstone,123,72.0,0.0,51.0,0.0,114.83739837398375,3.089430894308943,0.7431111111111111,113.1869918699187,4.804705882352941
349,Lillie,186,130.0,0.0,56.0,0.0,155.8978494623656,3.71505376344086,1.16,112.89784946236558,4.610826446280991
350,Limehouse,99,59.0,0.0,40.0,0.0,127.33333333333333,5.494949494949495,1.0356060606060604,103.02020202020202,4.712083333333333
351,Little Ilford,26,15.0,0.0,11.0,0.0,96.23076923076923,6.3076923076923075,0.8655555555555555,155.15384615384616,4.346666666666667
352,Little Venice,423,349.0,0.0,74.0,0.0,547.4373522458629,3.326241134751773,1.2929479768786127,148.23167848699762,4.6776800000000005
353,London Bridge & West Bermondsey,471,304.0,0.0,166.0,1.0,162.656050955414,4.679405520169851,1.1903170028818444,105.18046709129511,4.7390671641791045
354,London Fields,441,275.0,0.0,166.0,0.0,126.24489795918367,4.263038548752834,0.7407670454545454,78.21088435374149,4.797537313432836
355,Longbridge,27,5.0,0.0,22.0,0.0,68.77777777777777,6.592592592592593,1.0241176470588236,71.33333333333333,4.716666666666667
356,Longlands,11,2.0,0.0,9.0,0.0,89.36363636363636,2.0,0.384,113.81818181818181,4.817
357,Longthornton,45,19.0,0.0,26.0,0.0,84.13333333333334,4.288888888888889,1.0523333333333333,154.26666666666668,4.766666666666667
358,Lower Edmonton,36,13.0,0.0,23.0,0.0,81.30555555555556,5.0,0.8474193548387097,212.47222222222223,4.611111111111111
359,Lower Morden,26,13.0,0.0,13.0,0.0,107.07692307692308,2.923076923076923,0.9018181818181819,143.8846153846154,4.9193750000000005
360,Loxford,49,20.0,0.0,29.0,0.0,91.42857142857143,2.4489795918367347,0.8218918918918919,221.0408163265306,4.4911111111111115
361,Maida Vale,258,162.0,0.0,95.0,1.0,149.15503875968992,4.0852713178294575,0.7885148514851485,117.70542635658914,4.703
362,Manor Park,40,17.0,0.0,22.0,1.0,102.825,6.75,0.6221428571428572,122.875,4.687777777777778
363,Markhouse,70,37.0,0.0,30.0,3.0,101.68571428571428,4.142857142857143,1.1652941176470588,89.52857142857142,4.793513513513514
364,Marlborough,36,15.0,0.0,20.0,1.0,77.0,2.888888888888889,1.0847826086956522,131.13888888888889,4.804166666666666
365,Marshalls & Rise Park,16,9.0,0.0,7.0,0.0,104.75,2.5,0.9349999999999999,210.0625,4.588
366,Maryland,139,46.0,0.0,92.0,1.0,91.84172661870504,3.949640287769784,1.6283838383838385,147.35971223021582,4.628470588235294
367,Marylebone,945,803.0,2.0,140.0,0.0,267.1544973544974,5.083597883597884,1.0451782945736434,125.7915343915344,4.58948132780083
368,Mawneys,24,7.0,0.0,17.0,0.0,75.25,3.5416666666666665,1.663125,98.45833333333333,4.8707142857142856
369,Mayesbrook,26,12.0,0.0,13.0,1.0,93.11538461538461,5.269230769230769,1.3710526315789473,138.80769230769232,4.727692307692307
370,Mayfield,30,6.0,0.0,23.0,1.0,91.56666666666666,1.7,0.6809523809523809,222.2,4.594285714285713
371,Merton Park,55,29.0,0.0,26.0,0.0,137.54545454545453,2.290909090909091,0.8944186046511629,115.2909090909091,4.809230769230769
372,Middle Park & Horn Park,26,9.0,0.0,16.0,1.0,68.73076923076923,6.461538461538462,1.1576190476190475,152.03846153846155,4.828125
373,Mildmay,291,185.0,0.0,106.0,0.0,115.96219931271477,4.835051546391752,0.7015418502202643,60.45360824742268,4.7798830409356725
374,Mile End,330,164.0,0.0,166.0,0.0,104.04242424242425,3.824242424242424,1.0544488188976378,97.56969696969696,4.637447916666667
375,Mill Hill,97,61.0,0.0,35.0,1.0,141.88659793814432,3.814432989690722,0.7264705882352941,185.82474226804123,4.74547619047619
376,Monkhams,16,6.0,0.0,10.0,0.0,105.0625,2.9375,1.52125,186.625,4.722857142857143
377,Mortlake & Barnes Common,104,73.0,0.0,31.0,0.0,162.6346153846154,4.115384615384615,1.019753086419753,120.6826923076923,4.856451612903226
378,Motspur Park & Old Malden East,17,7.0,0.0,10.0,0.0,74.52941176470588,1.7058823529411764,1.5657142857142858,123.82352941176471,4.609166666666667
379,Mottingham,26,10.0,0.0,16.0,0.0,113.15384615384616,2.5,0.9488888888888888,161.3846153846154,4.812307692307693
380,"Mottingham, Coldharbour & New Eltham",46,24.0,0.0,22.0,0.0,132.47826086956522,8.58695652173913,0.8091666666666667,171.82608695652175,4.811764705882353
381,Munster,286,188.0,0.0,98.0,0.0,148.78321678321677,3.632867132867133,1.0108415841584157,112.95804195804196,4.737333333333334
382,Muswell Hill,74,38.0,0.0,36.0,0.0,101.0945945945946,2.810810810810811,1.1084375,91.89189189189189,4.829122807017543
383,Myatt's Fields,140,83.0,0.0,55.0,2.0,103.53571428571429,4.178571428571429,1.04251968503937,91.35,4.7475
384,New Addington North,11,2.0,0.0,8.0,1.0,82.36363636363636,2.1818181818181817,0.27166666666666667,186.9090909090909,4.554
385,New Addington South,7,1.0,0.0,6.0,0.0,54.42857142857143,1.4285714285714286,0.6766666666666667,276.2857142857143,4.86
386,New Cross Gate,114,68.0,0.0,45.0,1.0,99.49122807017544,3.254385964912281,0.6141666666666667,100.96491228070175,4.762666666666666
387,New Malden Village,32,23.0,0.0,9.0,0.0,126.71875,5.09375,0.506551724137931,105.96875,4.8255
388,New Southgate,73,38.0,0.0,35.0,0.0,93.08219178082192,5.027397260273973,0.8025925925925925,129.986301369863,4.842195121951219
389,Newbury,30,16.0,0.0,14.0,0.0,147.7,3.566666666666667,1.5278260869565217,235.8,4.5610526315789475
390,Newington,250,121.0,2.0,127.0,0.0,117.516,3.208,1.2509767441860464,94.836,4.743448275862069
391,Nine Elms,197,166.0,1.0,30.0,0.0,233.50761421319797,7.928934010152284,1.1020634920634922,148.26903553299493,4.784673913043478
392,Noel Park,118,54.0,0.0,63.0,1.0,124.7542372881356,4.279661016949152,1.4654761904761904,108.22881355932203,4.799692307692308
393,Norbiton,58,26.0,0.0,32.0,0.0,122.46551724137932,5.258620689655173,1.1091111111111112,159.89655172413794,4.837027027027027
394,Norbury & Pollards Hill,47,23.0,0.0,24.0,0.0,95.72340425531915,3.6808510638297873,1.128974358974359,167.38297872340425,4.430769230769231
395,Norbury Park,46,16.0,0.0,30.0,0.0,92.95652173913044,3.4347826086956523,0.5870967741935483,199.32608695652175,4.543043478260869
396,Norland,144,119.0,0.0,25.0,0.0,224.34027777777777,4.930555555555555,0.9786666666666667,106.45833333333333,4.727938144329897
397,North Acton,279,168.0,0.0,111.0,0.0,133.3763440860215,5.132616487455197,1.0375892857142857,152.46236559139786,4.725934065934066
398,North Bermondsey,223,124.0,0.0,99.0,0.0,120.25560538116592,4.762331838565022,1.2472043010752687,84.11659192825113,4.724344827586207
399,North Cheam,15,7.0,0.0,8.0,0.0,67.26666666666667,1.7333333333333334,0.6479999999999999,156.0,4.763076923076923
400,North Greenford,32,10.0,0.0,22.0,0.0,108.78125,4.0,1.0885,171.6875,4.676923076923076
401,North Hanwell,69,32.0,0.0,37.0,0.0,96.69565217391305,4.0144927536231885,0.995625,159.46376811594203,4.77125
402,North Harrow,22,14.0,0.0,7.0,1.0,97.81818181818181,5.681818181818182,0.4327272727272727,124.18181818181819,4.445714285714286
403,North Richmond,106,73.0,0.0,33.0,0.0,148.5566037735849,4.8584905660377355,1.0,85.80188679245283,4.808676470588235
404,North Walworth,348,219.0,0.0,127.0,2.0,138.1867816091954,4.112068965517241,1.0152189781021899,86.21551724137932,4.713270142180095
405,Northbury,58,27.0,0.0,30.0,1.0,94.72413793103448,5.120689655172414,0.9302127659574467,188.63793103448276,4.6628125
406,Northcote,142,108.0,0.0,33.0,1.0,227.46478873239437,4.21830985915493,0.6108490566037735,88.27464788732394,4.788904109589041
407,Northfield,88,38.0,0.0,50.0,0.0,107.48863636363636,3.534090909090909,0.9615254237288136,86.4090909090909,4.811702127659575
408,Northolt Mandeville,29,13.0,0.0,15.0,1.0,118.72413793103448,2.206896551724138,1.0946153846153845,169.06896551724137,4.71
409,Northolt West End,27,11.0,0.0,16.0,0.0,66.07407407407408,3.5185185185185186,1.2085000000000001,184.77777777777777,4.507857142857143
410,Northumberland Heath,9,2.0,0.0,7.0,0.0,85.88888888888889,2.0,0.39142857142857146,309.0,4.6979999999999995
411,Northumberland Park,56,22.0,0.0,34.0,0.0,128.58928571428572,4.928571428571429,1.197906976744186,163.80357142857142,4.712962962962963
412,Northwick Park,36,16.0,0.0,20.0,0.0,112.63888888888889,2.638888888888889,0.7878125,186.77777777777777,4.640833333333333
413,Northwood,18,7.0,0.0,11.0,0.0,92.55555555555556,7.0,0.6923076923076923,180.72222222222223,4.532222222222222
414,Northwood Hills,19,11.0,0.0,8.0,0.0,101.6842105263158,2.736842105263158,1.19,190.78947368421052,4.670833333333333
415,Norwood Green,46,17.0,0.0,29.0,0.0,79.47826086956522,3.5869565217391304,0.9854285714285714,182.84782608695653,4.66
416,Notting Dale,132,92.0,0.0,40.0,0.0,166.5681818181818,5.0606060606060606,0.9924038461538461,98.95454545454545,4.690246913580247
417,Nunhead & Queen's Road,162,112.0,0.0,48.0,2.0,113.32716049382717,3.0617283950617282,0.7362698412698412,87.49382716049382,4.758144329896908
418,Oakwood,12,5.0,0.0,7.0,0.0,110.33333333333333,2.6666666666666665,0.728,174.33333333333334,4.924285714285714
419,Old Coulsdon,10,5.0,0.0,5.0,0.0,73.4,1.6,2.8155555555555556,156.7,4.887777777777778
420,Old Kent Road,148,74.0,0.0,72.0,2.0,97.47297297297297,3.5135135135135136,1.3274561403508773,126.71621621621621,4.674827586206896
421,Old Malden,14,6.0,0.0,8.0,0.0,71.0,1.7142857142857142,2.0153846153846153,121.5,4.925454545454546
422,Orpington,14,4.0,0.0,10.0,0.0,94.57142857142857,2.142857142857143,0.84625,231.92857142857142,4.807142857142857
423,Osterley & Spring Grove,80,41.0,0.0,39.0,0.0,120.3625,3.9625,0.8451612903225806,168.25,4.644489795918368
424,Oval,257,149.0,0.0,106.0,2.0,139.78599221789884,3.67704280155642,1.2679396984924622,109.26459143968872,4.731939393939394
425,Palace & Hurlingham,179,107.0,0.0,71.0,1.0,182.64245810055866,5.653631284916201,0.960076923076923,111.22905027932961,4.749157894736842
426,Palmers Green,43,19.0,0.0,24.0,0.0,96.18604651162791,5.325581395348837,1.382,147.06976744186048,4.764285714285714
427,Park Hill & Whitgift,18,8.0,0.0,9.0,1.0,111.33333333333333,2.7222222222222223,0.7426666666666666,134.94444444444446,4.8
428,Parsloes,22,10.0,0.0,12.0,0.0,87.54545454545455,4.818181818181818,1.539375,151.36363636363637,4.796153846153846
429,Parsons Green & Sandford,173,123.0,0.0,50.0,0.0,214.9306358381503,2.832369942196532,0.870530303030303,114.58959537572254,4.757425742574258
430,Peckham,141,75.0,0.0,65.0,1.0,99.30496453900709,3.4680851063829787,1.0074311926605506,120.67375886524823,4.704823529411765
431,Peckham Rye,104,63.0,0.0,41.0,0.0,119.59615384615384,3.394230769230769,0.9567469879518072,121.77884615384616,4.8224285714285715
432,Pembridge,307,249.0,1.0,52.0,5.0,204.15960912052117,3.9120521172638436,1.3778423236514523,126.6742671009772,4.663186274509804
433,Penge & Cator,112,64.0,0.0,46.0,2.0,94.45535714285714,3.9642857142857144,0.9923595505617977,123.67857142857143,4.6753846153846155
434,Perivale,61,28.0,0.0,33.0,0.0,89.06557377049181,4.688524590163935,1.2715909090909092,161.63934426229508,4.739999999999999
435,Perry Vale,123,73.0,0.0,49.0,1.0,97.78861788617886,3.0,0.70990099009901,108.1951219512195,4.748904109589041
436,Petts Wood & Knoll,14,6.0,0.0,8.0,0.0,100.71428571428571,2.5,1.375,181.07142857142858,4.8742857142857146
437,Pimlico North,512,316.0,10.0,179.0,7.0,200.595703125,3.32421875,1.4300236406619384,116.193359375,4.64828729281768
438,Pimlico South,265,166.0,0.0,96.0,3.0,167.56603773584905,6.041509433962264,1.6118691588785046,96.60754716981133,4.630276243093923
439,Pinkwell,43,16.0,0.0,27.0,0.0,83.46511627906976,3.0930232558139537,2.937222222222222,218.30232558139534,4.614137931034483
440,Pinner,17,11.0,0.0,6.0,0.0,182.88235294117646,3.6470588235294117,0.98,123.17647058823529,4.6045454545454545
441,Pinner South,28,12.0,0.0,15.0,1.0,91.32142857142857,2.8214285714285716,1.1111538461538462,177.0,4.793
442,Pitshanger,81,40.0,0.0,40.0,1.0,115.54320987654322,3.54320987654321,0.8803508771929824,137.5185185185185,4.848636363636364
443,Plaistow,34,9.0,0.0,24.0,1.0,89.88235294117646,2.3823529411764706,0.8185185185185185,223.38235294117646,4.656666666666667
444,Plaistow North,52,14.0,1.0,37.0,0.0,82.53846153846153,5.5576923076923075,0.656,125.71153846153847,4.611111111111111
445,Plaistow South,69,20.0,0.0,47.0,2.0,98.14492753623189,3.2028985507246377,1.116470588235294,178.05797101449275,4.684102564102564
446,Plaistow West & Canning Town East,89,45.0,0.0,44.0,0.0,97.3932584269663,3.842696629213483,1.0544117647058824,170.0561797752809,4.742093023255814
447,Plashet,22,6.0,0.0,16.0,0.0,79.77272727272727,9.818181818181818,1.4644444444444444,278.90909090909093,4.806666666666667
448,Plumstead & Glyndon,82,29.0,0.0,52.0,1.0,93.6829268292683,3.8902439024390243,0.9254901960784314,153.73170731707316,4.70775
449,Plumstead Common,63,22.0,0.0,41.0,0.0,86.63492063492063,3.1904761904761907,1.0482608695652174,210.76190476190476,4.737027027027027
450,Pollards Hill,12,7.0,0.0,5.0,0.0,93.66666666666667,2.0833333333333335,0.71375,250.5,4.2925
451,Ponders End,49,20.0,1.0,28.0,0.0,103.16326530612245,3.9183673469387754,0.8708571428571429,226.53061224489795,4.742307692307692
452,Poplar,115,46.0,0.0,69.0,0.0,99.80869565217391,4.165217391304348,1.6112345679012345,103.41739130434783,4.572666666666667
453,Preston,30,13.0,0.0,17.0,0.0,85.56666666666666,3.8666666666666667,1.587142857142857,135.66666666666666,4.688666666666666
454,Primrose Hill,196,152.0,1.0,42.0,1.0,206.9234693877551,5.239795918367347,0.7986538461538462,111.89795918367346,4.758448275862069
455,Purley & Woodcote,44,23.0,0.0,21.0,0.0,116.70454545454545,2.227272727272727,0.6943478260869566,194.22727272727272,4.807333333333333
456,Purley Oaks & Riddlesdown,26,9.0,0.0,17.0,0.0,80.0,2.076923076923077,1.178,154.84615384615384,4.814
457,Queen's Gate,343,284.0,0.0,54.0,5.0,289.4110787172012,4.661807580174927,1.0282278481012659,149.731778425656,4.663276836158192
458,Queen's Park,186,136.0,0.0,50.0,0.0,129.50537634408602,3.946236559139785,1.0609655172413794,102.63978494623656,4.681465517241379
459,Queens Park,386,254.0,0.0,131.0,1.0,167.53626943005182,4.158031088082901,0.8394370860927152,111.58549222797927,4.739063829787234
460,Queensbury,30,15.0,0.0,15.0,0.0,109.53333333333333,6.433333333333334,0.9884000000000001,149.7,4.685238095238096
461,Rainham & Wennington,14,5.0,0.0,9.0,0.0,113.07142857142857,3.642857142857143,1.526,267.85714285714283,4.80375
462,Ravensbury,31,11.0,0.0,20.0,0.0,95.38709677419355,2.4193548387096775,0.8311111111111111,94.54838709677419,4.740588235294118
463,Ravenscourt,105,74.0,0.0,31.0,0.0,185.94285714285715,4.9904761904761905,0.7674117647058823,110.9047619047619,4.76328125
464,Rayners Lane,10,4.0,0.0,5.0,1.0,56.6,4.9,0.67,199.8,4.88
465,Raynes Park,98,52.0,0.0,43.0,3.0,112.98979591836735,3.3469387755102042,0.7573684210526316,112.43877551020408,4.7527118644067805
466,Redcliffe,441,382.0,0.0,58.0,1.0,229.85714285714286,6.249433106575964,0.7773482428115016,112.68707482993197,4.681145374449339
467,Regent's Park,824,540.0,0.0,280.0,4.0,177.09101941747574,4.736650485436893,1.4012172573189523,129.75485436893203,4.553147792706334
468,Ridgeway,18,7.0,0.0,11.0,0.0,108.27777777777777,2.7777777777777777,0.9266666666666667,194.33333333333334,4.8
469,Roehampton,113,40.0,0.0,71.0,2.0,87.86725663716814,3.150442477876106,0.9152941176470588,123.17699115044248,4.6955
470,Rotherhithe,233,99.0,0.0,134.0,0.0,103.88841201716738,4.8626609442060085,1.2333701657458565,89.34763948497854,4.753698630136986
471,Roundwood,102,51.0,0.0,51.0,0.0,110.30392156862744,5.5,1.1976923076923076,157.49019607843138,4.611587301587301
472,Roxbourne,14,8.0,0.0,6.0,0.0,107.28571428571429,1.4285714285714286,1.2815384615384615,247.57142857142858,4.43625
473,Roxeth,25,16.0,0.0,9.0,0.0,97.56,3.0,1.2945,225.6,4.724705882352941
474,Royal Albert,78,45.0,0.0,32.0,1.0,128.89743589743588,4.012820512820513,1.296727272727273,164.5,4.656842105263158
475,Royal Hospital,277,226.0,18.0,33.0,0.0,285.81949458483757,4.805054151624549,0.6831979695431473,125.64620938628158,4.613061224489796
476,Royal Victoria,311,216.0,3.0,89.0,3.0,174.83922829581994,3.7942122186495175,1.0035714285714286,162.7073954983923,4.6593678160919545
477,Ruislip,15,9.0,0.0,6.0,0.0,100.13333333333334,4.933333333333334,1.719,85.26666666666667,4.785714285714286
478,Ruislip Manor,13,6.0,0.0,7.0,0.0,106.15384615384616,1.6153846153846154,0.44125,146.30769230769232,4.89
479,Rush Green & Crowlands,50,32.0,0.0,18.0,0.0,92.7,2.12,0.8735897435897436,253.06,4.5428125
480,Rushey Green,136,73.0,0.0,63.0,0.0,96.5,2.7205882352941178,0.9332110091743119,137.2941176470588,4.711904761904762
481,Rye Lane,196,141.0,0.0,55.0,0.0,129.8265306122449,4.408163265306122,0.7000000000000001,93.45918367346938,4.752338709677419
482,Sanderstead,14,5.0,0.0,8.0,1.0,65.14285714285714,2.142857142857143,1.0141666666666667,158.57142857142858,4.857272727272727
483,Sands End,296,225.0,1.0,70.0,0.0,190.26351351351352,4.75,0.8627727272727272,144.66554054054055,4.7416883116883115
484,Selhurst,61,23.0,0.0,37.0,1.0,70.80327868852459,2.622950819672131,1.0873684210526315,153.95081967213116,4.734814814814815
485,Selsdon & Addington Village,22,3.0,0.0,19.0,0.0,86.04545454545455,1.2272727272727273,2.191875,273.59090909090907,4.5053846153846155
486,Selsdon Vale & Forestdale,8,3.0,0.0,5.0,0.0,75.125,1.625,1.3800000000000001,161.125,4.6075
487,Seven Kings,18,5.0,0.0,13.0,0.0,84.94444444444444,4.0,1.0576923076923077,290.8888888888889,4.669
488,Seven Sisters,107,54.0,0.0,53.0,0.0,91.14018691588785,4.196261682242991,1.352,118.51401869158879,4.6061643835616435
489,Shacklewell,211,127.0,0.0,82.0,2.0,95.25592417061611,4.559241706161138,0.7235151515151514,76.92890995260663,4.787622950819673
490,Shadwell,277,132.0,4.0,139.0,2.0,100.78339350180505,4.021660649819495,1.2932327586206895,89.62093862815884,4.562512820512821
491,Shaftesbury & Queenstown,250,151.0,0.0,96.0,3.0,129.248,4.24,1.098324607329843,105.992,4.720068493150685
492,Shepherd's Bush Green,172,121.0,0.0,51.0,0.0,132.77906976744185,5.412790697674419,1.2126241134751772,147.13953488372093,4.599035087719298
493,Shirley North,14,4.0,0.0,10.0,0.0,97.42857142857143,7.928571428571429,1.452,246.78571428571428,4.8342857142857145
494,Shirley South,11,4.0,0.0,7.0,0.0,110.0909090909091,1.3636363636363635,1.4111111111111112,232.1818181818182,4.86
495,Shooters Hill,42,24.0,0.0,18.0,0.0,109.19047619047619,3.0952380952380953,0.847,138.73809523809524,4.666399999999999
496,Shortlands & Park Langley,34,20.0,0.0,14.0,0.0,103.97058823529412,3.176470588235294,0.775,164.64705882352942,4.822631578947369
497,Sidcup,16,9.0,0.0,7.0,0.0,107.3125,2.875,0.8223076923076923,234.0625,4.741
498,Slade Green & Northend,50,22.0,0.0,28.0,0.0,76.38,2.32,1.1224242424242423,213.3,4.694230769230769
499,South Acton,200,124.0,0.0,76.0,0.0,109.68,3.845,1.063030303030303,175.615,4.74336
500,South Balham,105,61.0,0.0,44.0,0.0,121.87619047619047,4.076190476190476,0.7870238095238096,116.86666666666666,4.814385964912281
501,South Beddington & Roundshaw,17,10.0,0.0,7.0,0.0,75.88235294117646,3.0,0.9390000000000001,149.8235294117647,4.935
502,South Bermondsey,236,136.0,0.0,97.0,3.0,121.0635593220339,4.436440677966102,1.027,124.05084745762711,4.730066666666667
503,South Croydon,77,36.0,0.0,41.0,0.0,89.68831168831169,3.3636363636363638,1.2650943396226415,147.32467532467533,4.762820512820513
504,South Hampstead,226,145.0,0.0,81.0,0.0,150.7566371681416,4.933628318584071,1.2782967032967034,106.73893805309734,4.750704225352113
505,South Hornchurch,13,7.0,0.0,5.0,1.0,129.69230769230768,4.230769230769231,1.24,200.0,4.761666666666667
506,South Norwood,91,47.0,0.0,44.0,0.0,85.58241758241758,3.230769230769231,1.0315625,153.58241758241758,4.667234042553192
507,South Richmond,121,100.0,0.0,21.0,0.0,188.1900826446281,5.537190082644628,0.6786046511627907,95.13223140495867,4.744912280701754
508,South Ruislip,32,14.0,0.0,18.0,0.0,110.375,4.65625,1.163181818181818,209.875,4.6380952380952385
509,South Tottenham,137,72.0,0.0,64.0,1.0,91.03649635036497,3.8613138686131387,0.85,118.7080291970803,4.683548387096774
510,South Twickenham,59,43.0,0.0,16.0,0.0,140.3050847457627,2.847457627118644,1.0929787234042552,98.77966101694915,4.795121951219512
511,South Woodford,49,23.0,0.0,25.0,1.0,78.20408163265306,2.938775510204082,0.8221212121212121,130.3877551020408,4.8148
512,Southall Broadway,11,1.0,0.0,10.0,0.0,99.36363636363636,1.1818181818181819,0.8277777777777778,240.27272727272728,4.498571428571429
513,Southall Green,16,6.0,0.0,10.0,0.0,100.125,2.875,0.8663636363636363,210.0,4.432857142857143
514,Southall West,11,6.0,0.0,5.0,0.0,145.1818181818182,12.0,1.2374999999999998,207.8181818181818,4.335
515,Southbury,31,14.0,0.0,17.0,0.0,89.51612903225806,2.032258064516129,1.0558823529411765,191.19354838709677,4.787692307692308
516,Southfield,183,132.0,0.0,50.0,1.0,147.08743169398906,4.344262295081967,0.7224087591240875,106.95628415300547,4.752571428571429
517,Southfields,247,157.0,0.0,90.0,0.0,164.70445344129556,3.473684210526316,0.8291379310344829,90.51012145748987,4.84015503875969
518,Southgate,55,17.0,0.0,37.0,1.0,102.8,3.5636363636363635,0.74375,175.14545454545456,4.835384615384616
519,Spitalfields & Banglatown,653,377.0,3.0,271.0,2.0,140.5635528330781,4.826952526799388,1.1691682785299806,100.55130168453293,4.585745721271394
520,Springfield,111,71.0,0.0,39.0,1.0,88.67567567567568,3.0720720720720722,0.7821428571428571,138.981981981982,4.6985
521,Squirrels Heath,21,12.0,0.0,9.0,0.0,105.0,2.1904761904761907,0.634,149.23809523809524,4.57
522,St Alban's,29,21.0,0.0,8.0,0.0,122.79310344827586,2.8275862068965516,0.7227272727272728,240.06896551724137,4.689333333333334
523,St Andrew's,10,6.0,0.0,4.0,0.0,128.4,1.4,0.995,135.7,4.76
524,St Ann's,100,51.0,0.0,49.0,0.0,85.41,4.34,0.843125,112.51,4.687586206896552
525,St Dunstan's,190,89.0,0.0,99.0,2.0,89.91052631578947,3.4157894736842107,1.1157857142857144,97.56315789473685,4.590782608695653
526,St Edward's,38,24.0,0.0,14.0,0.0,120.55263157894737,2.9210526315789473,0.7876470588235295,228.55263157894737,4.6925
527,St George's,220,132.0,0.0,88.0,0.0,148.99545454545455,4.209090909090909,1.2211173184357542,91.35909090909091,4.705270270270271
528,St Giles,198,130.0,0.0,68.0,0.0,122.41414141414141,4.262626262626263,0.8671257485029941,101.24747474747475,4.741875
529,St Helier,25,10.0,0.0,15.0,0.0,86.84,3.0,0.9961904761904761,166.24,4.855625
530,St Helier East,5,2.0,0.0,3.0,0.0,81.4,2.2,1.2125,183.2,4.8533333333333335
531,St Helier West,9,3.0,0.0,5.0,1.0,61.44444444444444,5.222222222222222,1.1771428571428573,194.77777777777777,4.811999999999999
532,St James,122,80.0,0.0,42.0,0.0,110.05737704918033,5.557377049180328,0.853953488372093,124.44262295081967,4.8084999999999996
533,St James's,957,734.0,4.0,212.0,7.0,299.5715778474399,4.7753396029258095,1.4232982917214194,151.51724137931035,4.679107981220657
534,St Katharine's & Wapping,230,156.0,0.0,74.0,0.0,141.2521739130435,5.517391304347826,1.08953216374269,86.51739130434783,4.694615384615385
535,St Margarets & North Twickenham,108,64.0,0.0,44.0,0.0,146.58333333333334,4.472222222222222,1.2235616438356163,81.54629629629629,4.832745098039216
536,St Mark's & Seething Wells,76,45.0,0.0,31.0,0.0,116.8157894736842,4.355263157894737,0.7811666666666667,98.03947368421052,4.784545454545455
537,St Martin's,118,62.0,1.0,54.0,1.0,102.90677966101696,3.016949152542373,0.6153932584269663,94.39830508474576,4.792058823529412
538,St Mary Cray,43,19.0,0.0,23.0,1.0,128.67441860465115,2.5348837209302326,0.6444827586206897,182.2325581395349,4.688888888888889
539,St Mary's,325,204.0,0.0,121.0,0.0,147.54461538461538,4.430769230769231,0.8479835390946502,109.92307692307692,4.715511363636363
540,St Mary's & St James,13,5.0,0.0,8.0,0.0,140.76923076923077,5.538461538461538,0.7966666666666667,178.76923076923077,4.855
541,St Mary's & St James',267,184.0,0.0,83.0,0.0,146.74157303370785,3.8127340823970037,0.9238812785388127,82.74906367041199,4.736896551724138
542,St Pancras & Somers Town,330,173.0,0.0,156.0,1.0,140.07575757575756,3.742424242424242,1.5317241379310345,113.22121212121212,4.58561320754717
543,St Paul's Cray,21,5.0,0.0,16.0,0.0,76.47619047619048,1.6666666666666667,1.2491666666666668,272.42857142857144,4.78
544,St Peter's,522,274.0,0.0,245.0,3.0,100.93295019157088,4.459770114942529,0.8349640287769784,74.9904214559387,4.650752351097179
545,St Peter's & Canalside,329,224.0,1.0,101.0,3.0,151.38297872340425,4.644376899696049,0.7228571428571429,72.75987841945289,4.751122448979592
546,St. Helen's,154,109.0,0.0,45.0,0.0,175.2207792207792,5.097402597402597,0.6057142857142856,89.29220779220779,4.636862745098039
547,Stamford Hill West,61,42.0,0.0,19.0,0.0,112.62295081967213,3.3278688524590163,0.8226829268292682,102.70491803278688,4.8078125
548,Stanley,275,233.0,1.0,41.0,0.0,238.82545454545453,4.207272727272727,1.0113397129186603,136.0981818181818,4.673508771929824
549,Stanmore,19,13.0,0.0,6.0,0.0,139.68421052631578,2.6842105263157894,0.977,176.47368421052633,4.89
550,Stepney Green,266,94.0,6.0,166.0,0.0,99.45112781954887,3.969924812030075,1.5046261682242992,125.51503759398496,4.573076923076923
551,Stockwell East,177,108.0,0.0,69.0,0.0,123.05084745762711,4.293785310734464,0.8594520547945206,87.55367231638418,4.801271186440678
552,Stockwell West & Larkhall,237,134.0,0.0,103.0,0.0,129.80590717299577,4.135021097046414,1.258288770053476,110.61603375527426,4.765547945205479
553,Stoke Newington,291,183.0,0.0,108.0,0.0,116.15807560137458,4.364261168384879,0.7302843601895734,72.96907216494846,4.776078431372549
554,Stonebridge,63,27.0,0.0,36.0,0.0,104.2063492063492,2.9047619047619047,0.8452380952380952,126.38095238095238,4.695625
555,Stonecot,11,5.0,0.0,6.0,0.0,86.9090909090909,3.6363636363636362,0.798,93.45454545454545,4.821666666666666
556,Stratford,217,117.0,0.0,98.0,2.0,118.30875576036867,4.221198156682028,0.9151948051948052,96.31336405529954,4.713793103448276
557,Stratford Olympic Park,195,122.0,0.0,72.0,1.0,177.34871794871796,4.4,0.8308450704225352,129.16410256410256,4.789514563106796
558,Streatham Common & Vale,98,54.0,0.0,44.0,0.0,119.45918367346938,4.673469387755102,0.7224615384615385,101.39795918367346,4.785490196078431
559,Streatham Hill East,98,43.0,0.0,55.0,0.0,97.34693877551021,4.581632653061225,0.9736842105263158,115.3265306122449,4.7843103448275865
560,Streatham Hill West & Thornton,109,63.0,0.0,46.0,0.0,132.72477064220183,4.440366972477064,0.8083783783783783,127.30275229357798,4.837037037037037
561,Streatham St Leonard's,150,83.0,0.0,67.0,0.0,91.38,2.8066666666666666,1.0125210084033613,100.72,4.783478260869565
562,Streatham Wells,101,46.0,0.0,55.0,0.0,91.20792079207921,2.8415841584158414,1.2624324324324325,128.17821782178217,4.766
563,Stroud Green,129,83.0,0.0,46.0,0.0,118.96124031007751,5.542635658914729,0.6997959183673469,72.67441860465117,4.868266666666667
564,Sudbury,27,12.0,0.0,14.0,1.0,86.85185185185185,3.259259259259259,1.538695652173913,172.22222222222223,4.4704999999999995
565,Surbiton Hill,66,41.0,0.0,25.0,0.0,125.42424242424242,4.303030303030303,0.9131372549019607,126.71212121212122,4.809210526315789
566,Surrey Docks,225,107.0,0.0,117.0,1.0,105.41333333333333,5.0088888888888885,1.122848484848485,84.93333333333334,4.765537190082645
567,Sutton Central,40,29.0,0.0,9.0,2.0,111.1,3.575,0.6966666666666667,106.925,4.471764705882353
568,Sutton North,28,8.0,0.0,19.0,1.0,67.85714285714286,2.4285714285714284,1.2438888888888888,145.60714285714286,4.6872727272727275
569,Sutton South,39,32.0,0.0,7.0,0.0,94.66666666666667,3.3076923076923075,0.5493103448275862,149.64102564102564,4.854
570,Sutton West & East Cheam,15,8.0,0.0,7.0,0.0,99.46666666666667,4.2,1.2015384615384617,48.4,4.494
571,Sydenham,120,59.0,0.0,61.0,0.0,90.09166666666667,4.208333333333333,0.9838947368421053,149.70833333333334,4.799324324324324
572,Syon & Brentford Lock,59,31.0,0.0,28.0,0.0,103.27118644067797,5.864406779661017,0.8711111111111112,112.45762711864407,4.746176470588235
573,Teddington,42,30.0,0.0,12.0,0.0,143.88095238095238,3.5238095238095237,1.1464285714285716,130.95238095238096,4.88952380952381
574,Telegraph Hill,199,121.0,0.0,78.0,0.0,107.11557788944724,4.527638190954774,0.8747126436781608,102.1608040201005,4.7949645390070925
575,Thames View,11,6.0,0.0,5.0,0.0,120.0909090909091,2.4545454545454546,1.02,248.36363636363637,4.4625
576,Thamesfield,191,125.0,3.0,63.0,0.0,175.2931937172775,3.089005235602094,0.7556338028169014,80.01570680628272,4.818640776699029
577,Thamesmead East,77,33.0,0.0,42.0,2.0,94.37662337662337,1.9090909090909092,1.0617857142857143,268.8051948051948,4.612051282051282
578,Thamesmead Moorings,52,24.0,0.0,28.0,0.0,98.98076923076923,4.230769230769231,0.7476315789473684,245.67307692307693,4.608214285714285
579,The Wrythe,13,3.0,0.0,10.0,0.0,84.92307692307692,3.230769230769231,0.36000000000000004,143.15384615384616,4.736666666666667
580,Thornton Heath,98,32.0,0.0,66.0,0.0,74.66326530612245,3.377551020408163,0.9391549295774649,195.44897959183675,4.7299999999999995
581,Tokyngton,53,18.0,0.0,35.0,0.0,108.67924528301887,3.660377358490566,2.2605405405405405,218.67924528301887,4.791111111111111
582,Tollington,227,136.0,0.0,90.0,1.0,111.22907488986785,3.541850220264317,1.0526285714285715,78.10572687224669,4.7125
583,Tolworth,16,8.0,0.0,8.0,0.0,99.4375,3.6875,1.5172727272727273,128.875,4.7942857142857145
584,Tooting Bec,120,56.0,0.0,63.0,1.0,112.44166666666666,3.8916666666666666,0.7374698795180723,127.125,4.832777777777778
585,Tooting Broadway,164,97.0,0.0,67.0,0.0,106.36585365853658,3.3292682926829267,0.802,102.98170731707317,4.765760869565217
586,Tottenham Central,141,77.0,0.0,63.0,1.0,97.8936170212766,4.602836879432624,0.9530188679245283,120.28368794326241,4.726125
587,Tottenham Hale,82,47.0,0.0,34.0,1.0,110.3048780487805,2.7804878048780486,1.0225396825396826,118.15853658536585,4.7365306122448985
588,Totteridge & Woodside,59,29.0,0.0,30.0,0.0,136.96610169491527,2.694915254237288,1.1085714285714285,144.5593220338983,4.825769230769231
589,Town,38,21.0,4.0,13.0,0.0,125.07894736842105,4.105263157894737,0.7685000000000001,149.8684210526316,4.630833333333333
590,Trinity,117,74.0,0.0,43.0,0.0,165.97435897435898,4.410256410256411,0.7371910112359551,99.54700854700855,4.75546875
591,Tudor,25,20.0,0.0,5.0,0.0,124.36,4.0,1.101875,70.92,4.847272727272728
592,Tufnell Park,191,102.0,0.0,89.0,0.0,127.8848167539267,3.994764397905759,0.6200671140939598,105.89528795811518,4.6976146788990825
593,Twickenham Riverside,88,58.0,0.0,27.0,3.0,175.85227272727272,2.9545454545454546,1.0224000000000002,109.63636363636364,4.824067796610169
594,Underhill,33,19.0,0.0,14.0,0.0,113.63636363636364,2.4545454545454546,1.1495652173913045,147.4848484848485,4.830625
595,Upminster,15,7.0,0.0,8.0,0.0,130.73333333333332,2.066666666666667,0.697,205.0,4.894
596,Upper Edmonton,26,10.0,3.0,13.0,0.0,99.3076923076923,2.8076923076923075,0.8683333333333334,236.84615384615384,4.326153846153846
597,Upper Walthamstow,28,15.0,0.0,13.0,0.0,121.28571428571429,3.9285714285714284,0.7486666666666667,166.14285714285714,4.825833333333333
598,Uxbridge,67,32.0,0.0,35.0,0.0,88.02985074626865,4.059701492537314,1.1185106382978725,206.13432835820896,4.730526315789473
599,Valence,23,14.0,0.0,9.0,0.0,122.08695652173913,3.3043478260869565,1.0553333333333332,174.7826086956522,4.541666666666667
600,Valentines,55,33.0,0.0,22.0,0.0,138.5818181818182,3.7454545454545456,0.54575,169.12727272727273,4.510769230769231
601,Valley,18,9.0,0.0,9.0,0.0,92.83333333333333,3.611111111111111,0.9833333333333333,148.05555555555554,4.801818181818182
602,Vauxhall,346,243.0,0.0,101.0,2.0,193.5028901734104,7.673410404624278,1.3349805447470817,142.97976878612718,4.7221243523316065
603,Victoria,309,187.0,0.0,121.0,1.0,116.02588996763754,4.355987055016182,0.6447302904564315,73.55987055016182,4.7961931818181816
604,Village,136,83.0,0.0,52.0,1.0,202.6985294117647,4.132352941176471,0.7528155339805825,135.6764705882353,4.768157894736842
605,Vincent Square,241,158.0,0.0,83.0,0.0,214.31535269709545,5.767634854771784,1.23,86.06224066390041,4.637739726027397
606,Waddon,85,39.0,0.0,46.0,0.0,83.02352941176471,4.776470588235294,0.6586792452830188,174.1529411764706,4.667435897435897
607,Walham Green,186,131.0,0.0,55.0,0.0,155.15591397849462,3.8548387096774195,0.9108029197080292,124.16666666666667,4.680990099009901
608,Wall End,37,10.0,0.0,27.0,0.0,73.35135135135135,1.864864864864865,2.6696296296296294,132.0,4.449565217391305
609,Wallington North,19,7.0,0.0,12.0,0.0,79.89473684210526,8.368421052631579,0.9583333333333334,196.89473684210526,4.877000000000001
610,Wallington South,16,4.0,0.0,12.0,0.0,88.375,2.375,0.9674999999999999,160.6875,4.623333333333333
611,Walpole,119,80.0,0.0,39.0,0.0,154.08403361344537,2.6638655462184873,0.8692783505154639,138.21008403361344,4.763225806451612
612,Wandle,183,119.0,0.0,64.0,0.0,141.02185792349727,4.224043715846994,0.8105555555555555,119.71584699453553,4.789897959183674
613,Wandsworth Common,162,113.0,0.0,49.0,0.0,163.09259259259258,3.746913580246914,0.6340336134453782,76.11728395061728,4.857058823529412
614,Wandsworth Town,257,173.0,0.0,84.0,0.0,132.34630350194553,3.78988326848249,1.0051231527093596,86.15953307392996,4.786666666666667
615,Wanstead Park,47,31.0,0.0,16.0,0.0,133.36170212765958,4.659574468085107,0.6761764705882354,114.7872340425532,4.819230769230769
616,Wanstead Village,68,35.0,0.0,33.0,0.0,131.25,3.764705882352941,0.9161111111111111,123.73529411764706,4.822857142857143
617,Waterloo & South Bank,316,191.0,0.0,123.0,2.0,164.30379746835442,5.8765822784810124,1.3255905511811024,110.21518987341773,4.588383838383838
618,Wealdstone North,10,3.0,0.0,7.0,0.0,74.3,2.4,1.2085714285714286,166.5,4.691428571428572
619,Wealdstone South,19,10.0,0.0,9.0,0.0,86.73684210526316,3.6315789473684212,0.9029411764705884,148.26315789473685,4.720833333333333
620,Weavers,653,369.0,0.0,284.0,0.0,131.7166921898928,4.347626339969372,0.9496862745098039,96.51914241960183,4.668513189448441
621,Welsh Harp,62,31.0,0.0,30.0,1.0,95.58064516129032,3.2419354838709675,1.0316,158.08064516129033,4.768809523809524
622,Wembley Central,46,20.0,0.0,26.0,0.0,110.91304347826087,4.021739130434782,1.1670967741935483,161.69565217391303,4.656923076923077
623,Wembley Hill,93,40.0,0.0,51.0,2.0,106.44086021505376,2.7096774193548385,1.6272368421052632,153.10752688172042,4.642537313432836
624,Wembley Park,86,51.0,0.0,34.0,1.0,141.98837209302326,5.058139534883721,1.8183928571428571,128.51162790697674,4.7387500000000005
625,Wendell Park,88,50.0,0.0,38.0,0.0,137.3409090909091,4.238636363636363,0.8598387096774194,102.5,4.7418367346938775
626,West Barnes,39,17.0,0.0,22.0,0.0,131.56410256410257,3.5128205128205128,0.8961904761904762,159.53846153846155,4.785833333333334
627,West Drayton,111,43.0,0.0,68.0,0.0,92.84684684684684,2.810810810810811,1.0858024691358026,171.17117117117118,4.654067796610169
628,West Dulwich,101,67.0,0.0,33.0,1.0,117.83168316831683,4.247524752475248,0.646,100.16831683168317,4.799824561403509
629,West End,1522,1359.0,5.0,154.0,4.0,318.296320630749,4.946780551905388,1.2016153846153848,141.7700394218134,4.616880530973451
630,West Finchley,75,47.0,0.0,28.0,0.0,147.76,4.773333333333333,0.7000000000000001,149.74666666666667,4.6315625
631,West Green,123,66.0,0.0,57.0,0.0,118.7479674796748,3.9186991869918697,0.8282795698924731,121.0569105691057,4.7171830985915495
632,West Ham,120,44.0,0.0,74.0,2.0,87.24166666666666,3.7416666666666667,0.7362921348314607,99.64166666666667,4.603880597014925
633,West Hampstead,218,145.0,6.0,66.0,1.0,136.41743119266056,4.160550458715596,1.0423214285714286,99.5091743119266,4.70890756302521
634,West Harrow,15,6.0,0.0,9.0,0.0,89.4,5.8,1.297857142857143,146.46666666666667,4.71
635,West Heath,18,9.0,0.0,9.0,0.0,96.61111111111111,2.2222222222222223,0.8733333333333334,209.94444444444446,4.796666666666667
636,West Hendon,147,98.0,0.0,48.0,1.0,115.60544217687075,4.877551020408164,1.0278504672897197,169.81632653061226,4.6268918918918915
637,West Hill,213,106.0,0.0,104.0,3.0,143.43661971830986,4.690140845070423,0.6733536585365854,116.86854460093896,4.81302752293578
638,West Kensington,338,254.0,0.0,84.0,0.0,140.36686390532543,4.28698224852071,1.1758778625954198,109.42307692307692,4.628703703703703
639,West Putney,164,101.0,0.0,62.0,1.0,140.3658536585366,3.5792682926829267,0.938984375,131.02439024390245,4.8378
640,West Thamesmead,141,79.0,0.0,62.0,0.0,113.63829787234043,5.23404255319149,0.8370967741935483,193.09929078014184,4.596060606060606
641,West Thornton,50,20.0,0.0,30.0,0.0,97.3,2.82,0.6656756756756756,145.22,4.458333333333333
642,West Twickenham,33,19.0,0.0,14.0,0.0,125.15151515151516,3.303030303030303,1.0879166666666666,98.75757575757575,4.879444444444444
643,West Wickham,11,4.0,0.0,7.0,0.0,94.9090909090909,2.272727272727273,0.6890000000000001,181.0,4.728571428571429
644,Westbourne,251,189.0,0.0,62.0,0.0,159.24701195219123,5.378486055776892,1.179308510638298,118.71314741035856,4.663907284768212
645,Whalebone,29,15.0,0.0,14.0,0.0,130.82758620689654,3.310344827586207,0.51625,196.0,4.497999999999999
646,Whetstone,39,23.0,0.0,15.0,1.0,116.25641025641026,3.1538461538461537,0.7777777777777778,206.56410256410257,4.818695652173913
647,White City,143,84.0,1.0,56.0,2.0,128.5174825174825,4.370629370629371,0.9022222222222221,110.1118881118881,4.7269892473118285
648,White Hart Lane,65,33.0,0.0,31.0,1.0,112.76923076923077,3.0,1.3533333333333333,164.87692307692308,4.779230769230769
649,Whitechapel,845,547.0,1.0,294.0,3.0,139.18224852071006,5.416568047337278,1.447153846153846,100.2,4.541062124248497
650,Whitewebbs,13,6.0,0.0,7.0,0.0,90.61538461538461,2.3846153846153846,1.0372727272727273,240.07692307692307,4.847142857142857
651,Whitton,43,16.0,0.0,27.0,0.0,109.02325581395348,3.1627906976744184,1.5677142857142858,111.23255813953489,4.853225806451612
652,Willesden Green,243,141.0,0.0,100.0,2.0,95.78189300411523,3.9176954732510287,1.0340217391304347,113.39917695473251,4.498741258741259
653,William Morris,90,59.0,0.0,30.0,1.0,113.61111111111111,3.2666666666666666,0.6497222222222222,87.17777777777778,4.864230769230769
654,Wimbledon Park,143,89.0,0.0,54.0,0.0,174.76223776223776,3.4895104895104896,0.7357142857142857,87.94405594405595,4.835294117647059
655,Wimbledon Town & Dundonald,163,92.0,0.0,71.0,0.0,154.12269938650306,4.680981595092025,0.7226666666666667,111.13496932515338,4.754239130434782
656,Winchmore Hill,30,19.0,0.0,11.0,0.0,142.4,8.2,0.9180952380952382,153.23333333333332,4.846666666666667
657,Wood End,31,7.0,0.0,24.0,0.0,74.45161290322581,1.7419354838709677,1.05,143.38709677419354,4.852
658,Wood Street,50,32.0,0.0,17.0,1.0,118.98,6.34,0.861764705882353,124.76,4.888928571428572
659,Woodberry Down,116,69.0,0.0,47.0,0.0,102.90517241379311,4.5344827586206895,0.5780681818181818,90.33620689655173,4.735172413793103
660,Woodhouse,62,35.0,0.0,27.0,0.0,134.6290322580645,3.225806451612903,1.2451162790697674,132.7741935483871,4.828888888888889
661,Woodside,159,80.0,0.0,79.0,0.0,88.9622641509434,3.1320754716981134,1.0135,151.33333333333334,4.69360465116279
662,Woolwich Arsenal,193,132.0,0.0,61.0,0.0,137.03626943005182,4.4974093264248705,0.9527407407407408,155.09326424870466,4.699081632653061
663,Woolwich Common,92,56.0,0.0,35.0,1.0,106.17391304347827,2.5,0.9403076923076923,193.82608695652175,4.549130434782609
664,Woolwich Dockyard,68,36.0,0.0,29.0,3.0,119.1029411764706,3.235294117647059,1.0968888888888888,184.94117647058823,4.720526315789473
665,Worcester Park North,18,8.0,0.0,10.0,0.0,118.5,4.611111111111111,0.8153846153846154,93.22222222222223,4.806363636363636
666,Worcester Park South,9,2.0,0.0,7.0,0.0,64.88888888888889,2.4444444444444446,0.7133333333333334,180.33333333333334,4.78875
667,Wormholt,68,36.0,0.0,32.0,0.0,132.8235294117647,3.6029411764705883,0.6584745762711864,64.25,4.8268085106382985
668,Yeading,23,8.0,0.0,15.0,0.0,81.82608695652173,3.4782608695652173,0.47058823529411764,214.1304347826087,4.566363636363636
669,Yiewsley,56,29.0,0.0,27.0,0.0,116.78571428571429,2.7142857142857144,1.0059090909090909,207.21428571428572,4.698285714285714
